1782278792.406753,55,1,0.000,0.000,128.468,IDLE
1782278792.406838,3,1,0.000,0.000,128.468,IDLE
1782278792.406887,1,1,0.000,0.000,128.468,IDLE
1782278792.406927,43,1,0.000,0.000,128.468,IDLE
1782278792.406965,53,1,0.000,0.000,128.468,IDLE
1782278792.407001,4,1,0.000,0.000,128.468,IDLE
1782278792.407038,18,1,0.000,0.000,128.468,IDLE
1782278792.407073,21,1,0.000,0.000,128.468,IDLE
1782278792.407109,32,1,0.000,0.000,128.468,IDLE
1782278792.407144,57,1,0.000,0.000,128.468,IDLE
1782278792.407179,34,1,0.000,0.000,128.468,IDLE
1782278792.407215,50,1,0.000,0.000,128.468,IDLE
1782278792.407251,54,1,0.000,0.000,128.468,IDLE
1782278792.407286,56,1,0.000,0.000,128.468,IDLE
1782278792.407322,41,1,0.000,0.000,128.468,IDLE
1782278792.407357,52,1,0.000,0.000,128.468,IDLE
1782278792.407392,51,1,0.000,0.000,128.468,IDLE
1782278792.407428,19,1,0.000,0.000,128.468,IDLE
1782278792.407462,31,1,0.000,0.000,128.468,IDLE
1782278792.407497,33,1,0.000,0.000,128.468,IDLE
1782278792.407533,40,1,0.000,0.000,128.468,IDLE
1782278792.407569,42,1,0.000,0.000,128.468,IDLE
1782278792.407604,2,1,0.000,0.000,128.468,IDLE
1782278792.407640,20,1,0.000,0.000,128.468,IDLE
1782278792.506810,55,1,0.000,0.000,128.468,IDLE
1782278792.506924,3,1,0.000,0.000,128.468,IDLE
1782278792.506984,1,1,0.000,0.000,128.468,IDLE
1782278792.507030,43,1,0.000,0.000,128.468,IDLE
1782278792.507084,53,1,0.000,0.000,128.468,IDLE
1782278792.507130,4,1,0.000,0.000,128.468,IDLE
1782278792.507174,18,1,0.000,0.000,128.468,IDLE
1782278792.507216,21,1,0.000,0.000,128.468,IDLE
1782278792.507259,32,1,0.000,0.000,128.468,IDLE
1782278792.507300,57,1,0.000,0.000,128.468,IDLE
1782278792.507342,34,1,0.000,0.000,128.468,IDLE
1782278792.507384,50,1,0.000,0.000,128.468,IDLE
1782278792.507425,54,1,0.000,0.000,128.468,IDLE
1782278792.507466,56,1,0.000,0.000,128.468,IDLE
1782278792.507506,41,1,0.000,0.000,128.468,IDLE
1782278792.507546,52,1,0.000,0.000,128.468,IDLE
1782278792.507586,51,1,0.000,0.000,128.468,IDLE
1782278792.507626,19,1,0.000,0.000,128.468,IDLE
1782278792.507665,31,1,0.000,0.000,128.468,IDLE
1782278792.507705,33,1,0.000,0.000,128.468,IDLE
1782278792.507745,40,1,0.000,0.000,128.468,IDLE
1782278792.507785,42,1,0.000,0.000,128.468,IDLE
1782278792.507824,2,1,0.000,0.000,128.468,IDLE
1782278792.507864,20,1,0.000,0.000,128.468,IDLE
1782278792.606840,55,1,0.000,0.000,128.468,IDLE
1782278792.607015,3,1,0.000,0.000,128.468,IDLE
1782278792.607111,1,1,0.000,0.000,128.468,IDLE
1782278792.607187,43,1,0.000,0.000,128.468,IDLE
1782278792.607258,53,1,0.000,0.000,128.468,IDLE
1782278792.607327,4,1,0.000,0.000,128.468,IDLE
1782278792.607395,18,1,0.000,0.000,128.468,IDLE
1782278792.607464,21,1,0.000,0.000,128.468,IDLE
1782278792.607533,32,1,0.000,0.000,128.468,IDLE
1782278792.607600,57,1,0.000,0.000,128.468,IDLE
1782278792.607670,34,1,0.000,0.000,128.468,IDLE
1782278792.607738,50,1,0.000,0.000,128.468,IDLE
1782278792.607805,54,1,0.000,0.000,128.468,IDLE
1782278792.607873,56,1,0.000,0.000,128.468,IDLE
1782278792.607939,41,1,0.000,0.000,128.468,IDLE
1782278792.608004,52,1,0.000,0.000,128.468,IDLE
1782278792.608070,51,1,0.000,0.000,128.468,IDLE
1782278792.608136,19,1,0.000,0.000,128.468,IDLE
1782278792.608203,31,1,0.000,0.000,128.468,IDLE
1782278792.608268,33,1,0.000,0.000,128.468,IDLE
1782278792.608334,40,1,0.000,0.000,128.468,IDLE
1782278792.608399,42,1,0.000,0.000,128.468,IDLE
1782278792.608476,2,1,0.000,0.000,128.468,IDLE
1782278792.608543,20,1,0.000,0.000,128.468,IDLE
1782278792.706845,55,1,0.000,0.000,128.468,IDLE
1782278792.707023,3,1,0.000,0.000,128.468,IDLE
1782278792.707117,1,1,0.000,0.000,128.468,IDLE
1782278792.707193,43,1,0.000,0.000,128.468,IDLE
1782278792.707264,53,1,0.000,0.000,128.468,IDLE
1782278792.707333,4,1,0.000,0.000,128.468,IDLE
1782278792.707416,18,1,0.000,0.000,128.468,IDLE
1782278792.707489,21,1,0.000,0.000,128.468,IDLE
1782278792.707559,32,1,0.000,0.000,128.468,IDLE
1782278792.707628,57,1,0.000,0.000,128.468,IDLE
1782278792.707696,34,1,0.000,0.000,128.468,IDLE
1782278792.707764,50,1,0.000,0.000,128.468,IDLE
1782278792.707851,54,1,0.000,0.000,128.468,IDLE
1782278792.707926,56,1,0.000,0.000,128.468,IDLE
1782278792.707993,41,1,0.000,0.000,128.468,IDLE
1782278792.708061,52,1,0.000,0.000,128.468,IDLE
1782278792.708127,51,1,0.000,0.000,128.468,IDLE
1782278792.708195,19,1,0.000,0.000,128.468,IDLE
1782278792.708261,31,1,0.000,0.000,128.468,IDLE
1782278792.708327,33,1,0.000,0.000,128.468,IDLE
1782278792.708391,40,1,0.000,0.000,128.468,IDLE
1782278792.708467,42,1,0.000,0.000,128.468,IDLE
1782278792.708534,2,1,0.000,0.000,128.468,IDLE
1782278792.708601,20,1,0.000,0.000,128.468,IDLE
1782278792.806782,55,1,0.000,0.000,128.468,IDLE
1782278792.806994,3,1,0.000,0.000,128.468,IDLE
1782278792.807099,1,1,0.000,0.000,128.468,IDLE
1782278792.807184,43,1,0.000,0.000,128.468,IDLE
1782278792.807259,53,1,0.000,0.000,128.468,IDLE
1782278792.807332,4,1,0.000,0.000,128.468,IDLE
1782278792.807402,18,1,0.000,0.000,128.468,IDLE
1782278792.807473,21,1,0.000,0.000,128.468,IDLE
1782278792.807543,32,1,0.000,0.000,128.468,IDLE
1782278792.807613,57,1,0.000,0.000,128.468,IDLE
1782278792.807694,34,1,0.000,0.000,128.468,IDLE
1782278792.807768,50,1,0.000,0.000,128.468,IDLE
1782278792.807837,54,1,0.000,0.000,128.468,IDLE
1782278792.807905,56,1,0.000,0.000,128.468,IDLE
1782278792.807975,41,1,0.000,0.000,128.468,IDLE
1782278792.808044,52,1,0.000,0.000,128.468,IDLE
1782278792.808112,51,1,0.000,0.000,128.468,IDLE
1782278792.808180,19,1,0.000,0.000,128.468,IDLE
1782278792.808248,31,1,0.000,0.000,128.468,IDLE
1782278792.808316,33,1,0.000,0.000,128.468,IDLE
1782278792.808383,40,1,0.000,0.000,128.468,IDLE
1782278792.808467,42,1,0.000,0.000,128.468,IDLE
1782278792.808537,2,1,0.000,0.000,128.468,IDLE
1782278792.808604,20,1,0.000,0.000,128.468,IDLE
1782278792.906841,55,1,0.000,0.000,128.468,IDLE
1782278792.907041,3,1,0.000,0.000,128.468,IDLE
1782278792.907138,1,1,0.000,0.000,128.468,IDLE
1782278792.907218,43,1,0.000,0.000,128.468,IDLE
1782278792.907290,53,1,0.000,0.000,128.468,IDLE
1782278792.907360,4,1,0.000,0.000,128.468,IDLE
1782278792.907428,18,1,0.000,0.000,128.468,IDLE
1782278792.907498,21,1,0.000,0.000,128.468,IDLE
1782278792.907583,32,1,0.000,0.000,128.468,IDLE
1782278792.907656,57,1,0.000,0.000,128.468,IDLE
1782278792.907726,34,1,0.000,0.000,128.468,IDLE
1782278792.907795,50,1,0.000,0.000,128.468,IDLE
1782278792.907863,54,1,0.000,0.000,128.468,IDLE
1782278792.907930,56,1,0.000,0.000,128.468,IDLE
1782278792.907997,41,1,0.000,0.000,128.468,IDLE
1782278792.908065,52,1,0.000,0.000,128.468,IDLE
1782278792.908133,51,1,0.000,0.000,128.468,IDLE
1782278792.908201,19,1,0.000,0.000,128.468,IDLE
1782278792.908268,31,1,0.000,0.000,128.468,IDLE
1782278792.908337,33,1,0.000,0.000,128.468,IDLE
1782278792.908403,40,1,0.000,0.000,128.468,IDLE
1782278792.908480,42,1,0.000,0.000,128.468,IDLE
1782278792.908571,2,1,0.000,0.000,128.468,IDLE
1782278792.908646,20,1,0.000,0.000,128.468,IDLE
1782278793.006836,55,1,0.000,0.000,128.468,IDLE
1782278793.007017,3,1,0.000,0.000,128.468,IDLE
1782278793.007112,1,1,0.000,0.000,128.468,IDLE
1782278793.007190,43,1,0.000,0.000,128.468,IDLE
1782278793.007262,53,1,0.000,0.000,128.468,IDLE
1782278793.007331,4,1,0.000,0.000,128.468,IDLE
1782278793.007400,18,1,0.000,0.000,128.468,IDLE
1782278793.007468,21,1,0.000,0.000,128.468,IDLE
1782278793.007536,32,1,0.000,0.000,128.468,IDLE
1782278793.007605,57,1,0.000,0.000,128.468,IDLE
1782278793.007673,34,1,0.000,0.000,128.468,IDLE
1782278793.007740,50,1,0.000,0.000,128.468,IDLE
1782278793.007806,54,1,0.000,0.000,128.468,IDLE
1782278793.007873,56,1,0.000,0.000,128.468,IDLE
1782278793.007939,41,1,0.000,0.000,128.468,IDLE
1782278793.008005,52,1,0.000,0.000,128.468,IDLE
1782278793.008071,51,1,0.000,0.000,128.468,IDLE
1782278793.008137,19,1,0.000,0.000,128.468,IDLE
1782278793.008204,31,1,0.000,0.000,128.468,IDLE
1782278793.008269,33,1,0.000,0.000,128.468,IDLE
1782278793.008335,40,1,0.000,0.000,128.468,IDLE
1782278793.008401,42,1,0.000,0.000,128.468,IDLE
1782278793.008477,2,1,0.000,0.000,128.468,IDLE
1782278793.008545,20,1,0.000,0.000,128.468,IDLE
1782278793.106843,55,1,0.000,0.000,128.468,IDLE
1782278793.107018,3,1,0.000,0.000,128.468,IDLE
1782278793.107111,1,1,0.000,0.000,128.468,IDLE
1782278793.107188,43,1,0.000,0.000,128.468,IDLE
1782278793.107258,53,1,0.000,0.000,128.468,IDLE
1782278793.107327,4,1,0.000,0.000,128.468,IDLE
1782278793.107395,18,1,0.000,0.000,128.468,IDLE
1782278793.107462,21,1,0.000,0.000,128.468,IDLE
1782278793.107531,32,1,0.000,0.000,128.468,IDLE
1782278793.107599,57,1,0.000,0.000,128.468,IDLE
1782278793.107685,34,1,0.000,0.000,128.468,IDLE
1782278793.107756,50,1,0.000,0.000,128.468,IDLE
1782278793.107824,54,1,0.000,0.000,128.468,IDLE
1782278793.107890,56,1,0.000,0.000,128.468,IDLE
1782278793.107958,41,1,0.000,0.000,128.468,IDLE
1782278793.108025,52,1,0.000,0.000,128.468,IDLE
1782278793.108092,51,1,0.000,0.000,128.468,IDLE
1782278793.108159,19,1,0.000,0.000,128.468,IDLE
1782278793.108227,31,1,0.000,0.000,128.468,IDLE
1782278793.108295,33,1,0.000,0.000,128.468,IDLE
1782278793.108363,40,1,0.000,0.000,128.468,IDLE
1782278793.108436,42,1,0.000,0.000,128.468,IDLE
1782278793.108509,2,1,0.000,0.000,128.468,IDLE
1782278793.108577,20,1,0.000,0.000,128.468,IDLE
1782278793.206844,55,1,0.000,0.000,128.468,IDLE
1782278793.207020,3,1,0.000,0.000,128.468,IDLE
1782278793.207114,1,1,0.000,0.000,128.468,IDLE
1782278793.207191,43,1,0.000,0.000,128.468,IDLE
1782278793.207264,53,1,0.000,0.000,128.468,IDLE
1782278793.207334,4,1,0.000,0.000,128.468,IDLE
1782278793.207402,18,1,0.000,0.000,128.468,IDLE
1782278793.207472,21,1,0.000,0.000,128.468,IDLE
1782278793.207541,32,1,0.000,0.000,128.468,IDLE
1782278793.207610,57,1,0.000,0.000,128.468,IDLE
1782278793.207681,34,1,0.000,0.000,128.468,IDLE
1782278793.207750,50,1,0.000,0.000,128.468,IDLE
1782278793.207818,54,1,0.000,0.000,128.468,IDLE
1782278793.207886,56,1,0.000,0.000,128.468,IDLE
1782278793.207955,41,1,0.000,0.000,128.468,IDLE
1782278793.208024,52,1,0.000,0.000,128.468,IDLE
1782278793.208092,51,1,0.000,0.000,128.468,IDLE
1782278793.208161,19,1,0.000,0.000,128.468,IDLE
1782278793.208229,31,1,0.000,0.000,128.468,IDLE
1782278793.208297,33,1,0.000,0.000,128.468,IDLE
1782278793.208365,40,1,0.000,0.000,128.468,IDLE
1782278793.208432,42,1,0.000,0.000,128.468,IDLE
1782278793.208509,2,1,0.000,0.000,128.468,IDLE
1782278793.208577,20,1,0.000,0.000,128.468,IDLE
1782278793.306838,55,1,0.000,0.000,128.468,IDLE
1782278793.307013,3,1,0.000,0.000,128.468,IDLE
1782278793.307106,1,1,0.000,0.000,128.468,IDLE
1782278793.307180,43,1,0.000,0.000,128.468,IDLE
1782278793.307250,53,1,0.000,0.000,128.468,IDLE
1782278793.307318,4,1,0.000,0.000,128.468,IDLE
1782278793.307386,18,1,0.000,0.000,128.468,IDLE
1782278793.307453,21,1,0.000,0.000,128.468,IDLE
1782278793.307557,32,1,0.000,0.000,128.468,IDLE
1782278793.307629,57,1,0.000,0.000,128.468,IDLE
1782278793.307699,34,1,0.000,0.000,128.468,IDLE
1782278793.307766,50,1,0.000,0.000,128.468,IDLE
1782278793.307848,54,1,0.000,0.000,128.468,IDLE
1782278793.307919,56,1,0.000,0.000,128.468,IDLE
1782278793.307985,41,1,0.000,0.000,128.468,IDLE
1782278793.308052,52,1,0.000,0.000,128.468,IDLE
1782278793.308120,51,1,0.000,0.000,128.468,IDLE
1782278793.308186,19,1,0.000,0.000,128.468,IDLE
1782278793.308254,31,1,0.000,0.000,128.468,IDLE
1782278793.308321,33,1,0.000,0.000,128.468,IDLE
1782278793.308390,40,1,0.000,0.000,128.468,IDLE
1782278793.308463,42,1,0.000,0.000,128.468,IDLE
1782278793.308533,2,1,0.000,0.000,128.468,IDLE
1782278793.308599,20,1,0.000,0.000,128.468,IDLE
1782278793.406784,55,1,0.000,0.000,128.468,IDLE
1782278793.406956,3,1,0.000,0.000,128.468,IDLE
1782278793.407050,1,1,0.000,0.000,128.468,IDLE
1782278793.407125,43,1,0.000,0.000,128.468,IDLE
1782278793.407197,53,1,0.000,0.000,128.468,IDLE
1782278793.407265,4,1,0.000,0.000,128.468,IDLE
1782278793.407331,18,1,0.000,0.000,128.468,IDLE
1782278793.407397,21,1,0.000,0.000,128.468,IDLE
1782278793.407464,32,1,0.000,0.000,128.468,IDLE
1782278793.407530,57,1,0.000,0.000,128.468,IDLE
1782278793.407600,34,1,0.000,0.000,128.468,IDLE
1782278793.407667,50,1,0.000,0.000,128.468,IDLE
1782278793.407752,54,1,0.000,0.000,128.468,IDLE
1782278793.407825,56,1,0.000,0.000,128.468,IDLE
1782278793.407893,41,1,0.000,0.000,128.468,IDLE
1782278793.407960,52,1,0.000,0.000,128.468,IDLE
1782278793.408027,51,1,0.000,0.000,128.468,IDLE
1782278793.408092,19,1,0.000,0.000,128.468,IDLE
1782278793.408159,31,1,0.000,0.000,128.468,IDLE
1782278793.408226,33,1,0.000,0.000,128.468,IDLE
1782278793.408292,40,1,0.000,0.000,128.468,IDLE
1782278793.408357,42,1,0.000,0.000,128.468,IDLE
1782278793.408423,2,1,0.000,0.000,128.468,IDLE
1782278793.408499,20,1,0.000,0.000,128.468,IDLE
1782278793.506845,55,1,0.000,0.000,128.468,IDLE
1782278793.507016,3,1,0.000,0.000,128.468,IDLE
1782278793.507109,1,1,0.000,0.000,128.468,IDLE
1782278793.507185,43,1,0.000,0.000,128.468,IDLE
1782278793.507259,53,1,0.000,0.000,128.468,IDLE
1782278793.507328,4,1,0.000,0.000,128.468,IDLE
1782278793.507395,18,1,0.000,0.000,128.468,IDLE
1782278793.507462,21,1,0.000,0.000,128.468,IDLE
1782278793.507529,32,1,0.000,0.000,128.468,IDLE
1782278793.507600,57,1,0.000,0.000,128.468,IDLE
1782278793.507669,34,1,0.000,0.000,128.468,IDLE
1782278793.507737,50,1,0.000,0.000,128.468,IDLE
1782278793.507805,54,1,0.000,0.000,128.468,IDLE
1782278793.507872,56,1,0.000,0.000,128.468,IDLE
1782278793.507955,41,1,0.000,0.000,128.468,IDLE
1782278793.508027,52,1,0.000,0.000,128.468,IDLE
1782278793.508094,51,1,0.000,0.000,128.468,IDLE
1782278793.508162,19,1,0.000,0.000,128.468,IDLE
1782278793.508267,31,1,0.000,0.000,128.468,IDLE
1782278793.508339,33,1,0.000,0.000,128.468,IDLE
1782278793.508407,40,1,0.000,0.000,128.468,IDLE
1782278793.508480,42,1,0.000,0.000,128.468,IDLE
1782278793.508550,2,1,0.000,0.000,128.468,IDLE
1782278793.508618,20,1,0.000,0.000,128.468,IDLE
1782278793.606844,55,1,0.000,0.000,128.468,IDLE
1782278793.607017,3,1,0.000,0.000,128.468,IDLE
1782278793.607111,1,1,0.000,0.000,128.468,IDLE
1782278793.607184,43,1,0.000,0.000,128.468,IDLE
1782278793.607254,53,1,0.000,0.000,128.468,IDLE
1782278793.607321,4,1,0.000,0.000,128.468,IDLE
1782278793.607386,18,1,0.000,0.000,128.468,IDLE
1782278793.607452,21,1,0.000,0.000,128.468,IDLE
1782278793.607518,32,1,0.000,0.000,128.468,IDLE
1782278793.607587,57,1,0.000,0.000,128.468,IDLE
1782278793.607653,34,1,0.000,0.000,128.468,IDLE
1782278793.607719,50,1,0.000,0.000,128.468,IDLE
1782278793.607786,54,1,0.000,0.000,128.468,IDLE
1782278793.607852,56,1,0.000,0.000,128.468,IDLE
1782278793.607920,41,1,0.000,0.000,128.468,IDLE
1782278793.607987,52,1,0.000,0.000,128.468,IDLE
1782278793.608054,51,1,0.000,0.000,128.468,IDLE
1782278793.608121,19,1,0.000,0.000,128.468,IDLE
1782278793.608188,31,1,0.000,0.000,128.468,IDLE
1782278793.608255,33,1,0.000,0.000,128.468,IDLE
1782278793.608321,40,1,0.000,0.000,128.468,IDLE
1782278793.608387,42,1,0.000,0.000,128.468,IDLE
1782278793.608459,2,1,0.000,0.000,128.468,IDLE
1782278793.608532,20,1,0.000,0.000,128.468,IDLE
1782278793.706840,55,1,0.000,0.000,128.468,IDLE
1782278793.707015,3,1,0.000,0.000,128.468,IDLE
1782278793.707110,1,1,0.000,0.000,128.468,IDLE
1782278793.707184,43,1,0.000,0.000,128.468,IDLE
1782278793.707256,53,1,0.000,0.000,128.468,IDLE
1782278793.707325,4,1,0.000,0.000,128.468,IDLE
1782278793.707394,18,1,0.000,0.000,128.468,IDLE
1782278793.707461,21,1,0.000,0.000,128.468,IDLE
1782278793.707528,32,1,0.000,0.000,128.468,IDLE
1782278793.707600,57,1,0.000,0.000,128.468,IDLE
1782278793.707668,34,1,0.000,0.000,128.468,IDLE
1782278793.707736,50,1,0.000,0.000,128.468,IDLE
1782278793.707803,54,1,0.000,0.000,128.468,IDLE
1782278793.707870,56,1,0.000,0.000,128.468,IDLE
1782278793.707935,41,1,0.000,0.000,128.468,IDLE
1782278793.708002,52,1,0.000,0.000,128.468,IDLE
1782278793.708091,51,1,0.000,0.000,128.468,IDLE
1782278793.708163,19,1,0.000,0.000,128.468,IDLE
1782278793.708231,31,1,0.000,0.000,128.468,IDLE
1782278793.708298,33,1,0.000,0.000,128.468,IDLE
1782278793.708364,40,1,0.000,0.000,128.468,IDLE
1782278793.708430,42,1,0.000,0.000,128.468,IDLE
1782278793.708505,2,1,0.000,0.000,128.468,IDLE
1782278793.708573,20,1,0.000,0.000,128.468,IDLE
1782278793.806786,55,1,0.000,0.000,128.468,IDLE
1782278793.806961,3,1,0.000,0.000,128.468,IDLE
1782278793.807054,1,1,0.000,0.000,128.468,IDLE
1782278793.807129,43,1,0.000,0.000,128.468,IDLE
1782278793.807202,53,1,0.000,0.000,128.468,IDLE
1782278793.807272,4,1,0.000,0.000,128.468,IDLE
1782278793.807340,18,1,0.000,0.000,128.468,IDLE
1782278793.807407,21,1,0.000,0.000,128.468,IDLE
1782278793.807475,32,1,0.000,0.000,128.468,IDLE
1782278793.807545,57,1,0.000,0.000,128.468,IDLE
1782278793.807614,34,1,0.000,0.000,128.468,IDLE
1782278793.807681,50,1,0.000,0.000,128.468,IDLE
1782278793.807749,54,1,0.000,0.000,128.468,IDLE
1782278793.807815,56,1,0.000,0.000,128.468,IDLE
1782278793.807882,41,1,0.000,0.000,128.468,IDLE
1782278793.807949,52,1,0.000,0.000,128.468,IDLE
1782278793.808016,51,1,0.000,0.000,128.468,IDLE
1782278793.808083,19,1,0.000,0.000,128.468,IDLE
1782278793.808150,31,1,0.000,0.000,128.468,IDLE
1782278793.808217,33,1,0.000,0.000,128.468,IDLE
1782278793.808283,40,1,0.000,0.000,128.468,IDLE
1782278793.808349,42,1,0.000,0.000,128.468,IDLE
1782278793.808415,2,1,0.000,0.000,128.468,IDLE
1782278793.808490,20,1,0.000,0.000,128.468,IDLE
1782278793.906843,55,1,0.000,0.000,128.468,IDLE
1782278793.907037,3,1,0.000,0.000,128.468,IDLE
1782278793.907132,1,1,0.000,0.000,128.468,IDLE
1782278793.907207,43,1,0.000,0.000,128.468,IDLE
1782278793.907275,53,1,0.000,0.000,128.468,IDLE
1782278793.907343,4,1,0.000,0.000,128.468,IDLE
1782278793.907409,18,1,0.000,0.000,128.468,IDLE
1782278793.907475,21,1,0.000,0.000,128.468,IDLE
1782278793.907539,32,1,0.000,0.000,128.468,IDLE
1782278793.907608,57,1,0.000,0.000,128.468,IDLE
1782278793.907674,34,1,0.000,0.000,128.468,IDLE
1782278793.907740,50,1,0.000,0.000,128.468,IDLE
1782278793.907805,54,1,0.000,0.000,128.468,IDLE
1782278793.907870,56,1,0.000,0.000,128.468,IDLE
1782278793.907935,41,1,0.000,0.000,128.468,IDLE
1782278793.908000,52,1,0.000,0.000,128.468,IDLE
1782278793.908065,51,1,0.000,0.000,128.468,IDLE
1782278793.908131,19,1,0.000,0.000,128.468,IDLE
1782278793.908212,31,1,0.000,0.000,128.468,IDLE
1782278793.908281,33,1,0.000,0.000,128.468,IDLE
1782278793.908346,40,1,0.000,0.000,128.468,IDLE
1782278793.908412,42,1,0.000,0.000,128.468,IDLE
1782278793.908484,2,1,0.000,0.000,128.468,IDLE
1782278793.908554,20,1,0.000,0.000,128.468,IDLE
1782278794.006837,55,1,0.000,0.000,128.468,IDLE
1782278794.007022,3,1,0.000,0.000,128.468,IDLE
1782278794.007118,1,1,0.000,0.000,128.468,IDLE
1782278794.007195,43,1,0.000,0.000,128.468,IDLE
1782278794.007268,53,1,0.000,0.000,128.468,IDLE
1782278794.007340,4,1,0.000,0.000,128.468,IDLE
1782278794.007409,18,1,0.000,0.000,128.468,IDLE
1782278794.007479,21,1,0.000,0.000,128.468,IDLE
1782278794.007548,32,1,0.000,0.000,128.468,IDLE
1782278794.007616,57,1,0.000,0.000,128.468,IDLE
1782278794.007684,34,1,0.000,0.000,128.468,IDLE
1782278794.007753,50,1,0.000,0.000,128.468,IDLE
1782278794.007820,54,1,0.000,0.000,128.468,IDLE
1782278794.007887,56,1,0.000,0.000,128.468,IDLE
1782278794.007954,41,1,0.000,0.000,128.468,IDLE
1782278794.008020,52,1,0.000,0.000,128.468,IDLE
1782278794.008087,51,1,0.000,0.000,128.468,IDLE
1782278794.008155,19,1,0.000,0.000,128.468,IDLE
1782278794.008221,31,1,0.000,0.000,128.468,IDLE
1782278794.008288,33,1,0.000,0.000,128.468,IDLE
1782278794.008356,40,1,0.000,0.000,128.468,IDLE
1782278794.008421,42,1,0.000,0.000,128.468,IDLE
1782278794.008494,2,1,0.000,0.000,128.468,IDLE
1782278794.008563,20,1,0.000,0.000,128.468,IDLE
1782278794.106788,55,1,0.000,0.000,128.468,IDLE
1782278794.106968,3,1,0.000,0.000,128.468,IDLE
1782278794.107063,1,1,0.000,0.000,128.468,IDLE
1782278794.107143,43,1,0.000,0.000,128.468,IDLE
1782278794.107218,53,1,0.000,0.000,128.468,IDLE
1782278794.107290,4,1,0.000,0.000,128.468,IDLE
1782278794.107360,18,1,0.000,0.000,128.468,IDLE
1782278794.107469,21,1,0.000,0.000,128.468,IDLE
1782278794.107538,32,1,0.000,0.000,128.468,IDLE
1782278794.107604,57,1,0.000,0.000,128.468,IDLE
1782278794.107670,34,1,0.000,0.000,128.468,IDLE
1782278794.107736,50,1,0.000,0.000,128.468,IDLE
1782278794.107822,54,1,0.000,0.000,128.468,IDLE
1782278794.107894,56,1,0.000,0.000,128.468,IDLE
1782278794.107960,41,1,0.000,0.000,128.468,IDLE
1782278794.108026,52,1,0.000,0.000,128.468,IDLE
1782278794.108092,51,1,0.000,0.000,128.468,IDLE
1782278794.108158,19,1,0.000,0.000,128.468,IDLE
1782278794.108224,31,1,0.000,0.000,128.468,IDLE
1782278794.108291,33,1,0.000,0.000,128.468,IDLE
1782278794.108379,40,1,0.000,0.000,128.468,IDLE
1782278794.108448,42,1,0.000,0.000,128.468,IDLE
1782278794.108523,2,1,0.000,0.000,128.468,IDLE
1782278794.108592,20,1,0.000,0.000,128.468,IDLE
1782278794.206851,55,1,0.000,0.000,128.468,IDLE
1782278794.207046,3,1,0.000,0.000,128.468,IDLE
1782278794.207139,1,1,0.000,0.000,128.468,IDLE
1782278794.207213,43,1,0.000,0.000,128.468,IDLE
1782278794.207280,53,1,0.000,0.000,128.468,IDLE
1782278794.207348,4,1,0.000,0.000,128.468,IDLE
1782278794.207414,18,1,0.000,0.000,128.468,IDLE
1782278794.207482,21,1,0.000,0.000,128.468,IDLE
1782278794.207548,32,1,0.000,0.000,128.468,IDLE
1782278794.207613,57,1,0.000,0.000,128.468,IDLE
1782278794.207677,34,1,0.000,0.000,128.468,IDLE
1782278794.207742,50,1,0.000,0.000,128.468,IDLE
1782278794.207807,54,1,0.000,0.000,128.468,IDLE
1782278794.207872,56,1,0.000,0.000,128.468,IDLE
1782278794.207937,41,1,0.000,0.000,128.468,IDLE
1782278794.208001,52,1,0.000,0.000,128.468,IDLE
1782278794.208066,51,1,0.000,0.000,128.468,IDLE
1782278794.208131,19,1,0.000,0.000,128.468,IDLE
1782278794.208195,31,1,0.000,0.000,128.468,IDLE
1782278794.208260,33,1,0.000,0.000,128.468,IDLE
1782278794.208326,40,1,0.000,0.000,128.468,IDLE
1782278794.208390,42,1,0.000,0.000,128.468,IDLE
1782278794.208455,2,1,0.000,0.000,128.468,IDLE
1782278794.208529,20,1,0.000,0.000,128.468,IDLE
1782278794.306849,55,1,0.000,0.000,128.468,IDLE
1782278794.307024,3,1,0.000,0.000,128.468,IDLE
1782278794.307117,1,1,0.000,0.000,128.468,IDLE
1782278794.307193,43,1,0.000,0.000,128.468,IDLE
1782278794.307264,53,1,0.000,0.000,128.468,IDLE
1782278794.307335,4,1,0.000,0.000,128.468,IDLE
1782278794.307403,18,1,0.000,0.000,128.468,IDLE
1782278794.307473,21,1,0.000,0.000,128.468,IDLE
1782278794.307542,32,1,0.000,0.000,128.468,IDLE
1782278794.307610,57,1,0.000,0.000,128.468,IDLE
1782278794.307679,34,1,0.000,0.000,128.468,IDLE
1782278794.307747,50,1,0.000,0.000,128.468,IDLE
1782278794.307815,54,1,0.000,0.000,128.468,IDLE
1782278794.307882,56,1,0.000,0.000,128.468,IDLE
1782278794.307951,41,1,0.000,0.000,128.468,IDLE
1782278794.308018,52,1,0.000,0.000,128.468,IDLE
1782278794.308085,51,1,0.000,0.000,128.468,IDLE
1782278794.308153,19,1,0.000,0.000,128.468,IDLE
1782278794.308221,31,1,0.000,0.000,128.468,IDLE
1782278794.308288,33,1,0.000,0.000,128.468,IDLE
1782278794.308356,40,1,0.000,0.000,128.468,IDLE
1782278794.308424,42,1,0.000,0.000,128.468,IDLE
1782278794.308515,2,1,0.000,0.000,128.468,IDLE
1782278794.308587,20,1,0.000,0.000,128.468,IDLE
1782278794.406847,55,1,0.000,0.000,128.468,IDLE
1782278794.407020,3,1,0.000,0.000,128.468,IDLE
1782278794.407113,1,1,0.000,0.000,128.468,IDLE
1782278794.407189,43,1,0.000,0.000,128.468,IDLE
1782278794.407260,53,1,0.000,0.000,128.468,IDLE
1782278794.407330,4,1,0.000,0.000,128.468,IDLE
1782278794.407396,18,1,0.000,0.000,128.468,IDLE
1782278794.407465,21,1,0.000,0.000,128.468,IDLE
1782278794.407531,32,1,0.000,0.000,128.468,IDLE
1782278794.407598,57,1,0.000,0.000,128.468,IDLE
1782278794.407664,34,1,0.000,0.000,128.468,IDLE
1782278794.407730,50,1,0.000,0.000,128.468,IDLE
1782278794.407796,54,1,0.000,0.000,128.468,IDLE
1782278794.407863,56,1,0.000,0.000,128.468,IDLE
1782278794.407930,41,1,0.000,0.000,128.468,IDLE
1782278794.407995,52,1,0.000,0.000,128.468,IDLE
1782278794.408060,51,1,0.000,0.000,128.468,IDLE
1782278794.408126,19,1,0.000,0.000,128.468,IDLE
1782278794.408192,31,1,0.000,0.000,128.468,IDLE
1782278794.408258,33,1,0.000,0.000,128.468,IDLE
1782278794.408324,40,1,0.000,0.000,128.468,IDLE
1782278794.408390,42,1,0.000,0.000,128.468,IDLE
1782278794.408457,2,1,0.000,0.000,128.468,IDLE
1782278794.408531,20,1,0.000,0.000,128.468,IDLE
1782278794.506842,55,1,0.000,0.000,128.468,IDLE
1782278794.507016,3,1,0.000,0.000,128.468,IDLE
1782278794.507109,1,1,0.000,0.000,128.468,IDLE
1782278794.507185,43,1,0.000,0.000,128.468,IDLE
1782278794.507253,53,1,0.000,0.000,128.468,IDLE
1782278794.507320,4,1,0.000,0.000,128.468,IDLE
1782278794.507387,18,1,0.000,0.000,128.468,IDLE
1782278794.507458,21,1,0.000,0.000,128.468,IDLE
1782278794.507524,32,1,0.000,0.000,128.468,IDLE
1782278794.507591,57,1,0.000,0.000,128.468,IDLE
1782278794.507658,34,1,0.000,0.000,128.468,IDLE
1782278794.507725,50,1,0.000,0.000,128.468,IDLE
1782278794.507791,54,1,0.000,0.000,128.468,IDLE
1782278794.507857,56,1,0.000,0.000,128.468,IDLE
1782278794.507923,41,1,0.000,0.000,128.468,IDLE
1782278794.507988,52,1,0.000,0.000,128.468,IDLE
1782278794.508054,51,1,0.000,0.000,128.468,IDLE
1782278794.508119,19,1,0.000,0.000,128.468,IDLE
1782278794.508186,31,1,0.000,0.000,128.468,IDLE
1782278794.508251,33,1,0.000,0.000,128.468,IDLE
1782278794.508318,40,1,0.000,0.000,128.468,IDLE
1782278794.508383,42,1,0.000,0.000,128.468,IDLE
1782278794.508449,2,1,0.000,0.000,128.468,IDLE
1782278794.508524,20,1,0.000,0.000,128.468,IDLE
1782278794.606846,55,1,0.000,0.000,128.468,IDLE
1782278794.607021,3,1,0.000,0.000,128.468,IDLE
1782278794.607115,1,1,0.000,0.000,128.468,IDLE
1782278794.607192,43,1,0.000,0.000,128.468,IDLE
1782278794.607264,53,1,0.000,0.000,128.468,IDLE
1782278794.607333,4,1,0.000,0.000,128.468,IDLE
1782278794.607401,18,1,0.000,0.000,128.468,IDLE
1782278794.607472,21,1,0.000,0.000,128.468,IDLE
1782278794.607538,32,1,0.000,0.000,128.468,IDLE
1782278794.607604,57,1,0.000,0.000,128.468,IDLE
1782278794.607671,34,1,0.000,0.000,128.468,IDLE
1782278794.607737,50,1,0.000,0.000,128.468,IDLE
1782278794.607804,54,1,0.000,0.000,128.468,IDLE
1782278794.607869,56,1,0.000,0.000,128.468,IDLE
1782278794.607935,41,1,0.000,0.000,128.468,IDLE
1782278794.608001,52,1,0.000,0.000,128.468,IDLE
1782278794.608068,51,1,0.000,0.000,128.468,IDLE
1782278794.608134,19,1,0.000,0.000,128.468,IDLE
1782278794.608201,31,1,0.000,0.000,128.468,IDLE
1782278794.608266,33,1,0.000,0.000,128.468,IDLE
1782278794.608333,40,1,0.000,0.000,128.468,IDLE
1782278794.608399,42,1,0.000,0.000,128.468,IDLE
1782278794.608466,2,1,0.000,0.000,128.468,IDLE
1782278794.608542,20,1,0.000,0.000,128.468,IDLE
1782278794.706867,55,1,0.000,0.000,128.468,IDLE
1782278794.707103,3,1,0.000,0.000,128.468,IDLE
1782278794.707198,1,1,0.000,0.000,128.468,IDLE
1782278794.707380,43,1,0.000,0.000,128.468,IDLE
1782278794.707473,53,1,0.000,0.000,128.468,IDLE
1782278794.707544,4,1,0.000,0.000,128.468,IDLE
1782278794.707614,18,1,0.000,0.000,128.468,IDLE
1782278794.707684,21,1,0.000,0.000,128.468,IDLE
1782278794.707752,32,1,0.000,0.000,128.468,IDLE
1782278794.707819,57,1,0.000,0.000,128.468,IDLE
1782278794.707886,34,1,0.000,0.000,128.468,IDLE
1782278794.707953,50,1,0.000,0.000,128.468,IDLE
1782278794.708020,54,1,0.000,0.000,128.468,IDLE
1782278794.708086,56,1,0.000,0.000,128.468,IDLE
1782278794.708155,41,1,0.000,0.000,128.468,IDLE
1782278794.708221,52,1,0.000,0.000,128.468,IDLE
1782278794.708288,51,1,0.000,0.000,128.468,IDLE
1782278794.708354,19,1,0.000,0.000,128.468,IDLE
1782278794.708421,31,1,0.000,0.000,128.468,IDLE
1782278794.708488,33,1,0.000,0.000,128.468,IDLE
1782278794.708573,40,1,0.000,0.000,128.468,IDLE
1782278794.708642,42,1,0.000,0.000,128.468,IDLE
1782278794.708708,2,1,0.000,0.000,128.468,IDLE
1782278794.708776,20,1,0.000,0.000,128.468,IDLE
1782278794.806861,55,1,0.000,0.000,128.468,IDLE
1782278794.807060,3,1,0.000,0.000,128.468,IDLE
1782278794.807173,1,1,0.000,0.000,128.468,IDLE
1782278794.807252,43,1,0.000,0.000,128.468,IDLE
1782278794.807327,53,1,0.000,0.000,128.468,IDLE
1782278794.807396,4,1,0.000,0.000,128.468,IDLE
1782278794.807465,18,1,0.000,0.000,128.468,IDLE
1782278794.807535,21,1,0.000,0.000,128.468,IDLE
1782278794.807604,32,1,0.000,0.000,128.468,IDLE
1782278794.807671,57,1,0.000,0.000,128.468,IDLE
1782278794.807739,34,1,0.000,0.000,128.468,IDLE
1782278794.807807,50,1,0.000,0.000,128.468,IDLE
1782278794.807897,54,1,0.000,0.000,128.468,IDLE
1782278794.807972,56,1,0.000,0.000,128.468,IDLE
1782278794.808042,41,1,0.000,0.000,128.468,IDLE
1782278794.808110,52,1,0.000,0.000,128.468,IDLE
1782278794.808179,51,1,0.000,0.000,128.468,IDLE
1782278794.808246,19,1,0.000,0.000,128.468,IDLE
1782278794.808315,31,1,0.000,0.000,128.468,IDLE
1782278794.808383,33,1,0.000,0.000,128.468,IDLE
1782278794.808451,40,1,0.000,0.000,128.468,IDLE
1782278794.808526,42,1,0.000,0.000,128.468,IDLE
1782278794.808603,2,1,0.000,0.000,128.468,IDLE
1782278794.808669,20,1,0.000,0.000,128.468,IDLE
1782278794.906850,55,1,0.000,0.000,128.468,IDLE
1782278794.907024,3,1,0.000,0.000,128.468,IDLE
1782278794.907120,1,1,0.000,0.000,128.468,IDLE
1782278794.907195,43,1,0.000,0.000,128.468,IDLE
1782278794.907267,53,1,0.000,0.000,128.468,IDLE
1782278794.907336,4,1,0.000,0.000,128.468,IDLE
1782278794.907404,18,1,0.000,0.000,128.468,IDLE
1782278794.907474,21,1,0.000,0.000,128.468,IDLE
1782278794.907541,32,1,0.000,0.000,128.468,IDLE
1782278794.907608,57,1,0.000,0.000,128.468,IDLE
1782278794.907676,34,1,0.000,0.000,128.468,IDLE
1782278794.907744,50,1,0.000,0.000,128.468,IDLE
1782278794.907811,54,1,0.000,0.000,128.468,IDLE
1782278794.907878,56,1,0.000,0.000,128.468,IDLE
1782278794.907946,41,1,0.000,0.000,128.468,IDLE
1782278794.908013,52,1,0.000,0.000,128.468,IDLE
1782278794.908080,51,1,0.000,0.000,128.468,IDLE
1782278794.908147,19,1,0.000,0.000,128.468,IDLE
1782278794.908214,31,1,0.000,0.000,128.468,IDLE
1782278794.908281,33,1,0.000,0.000,128.468,IDLE
1782278794.908349,40,1,0.000,0.000,128.468,IDLE
1782278794.908416,42,1,0.000,0.000,128.468,IDLE
1782278794.908485,2,1,0.000,0.000,128.468,IDLE
1782278794.908571,20,1,0.000,0.000,128.468,IDLE
1782278795.006783,55,1,0.000,0.000,128.468,IDLE
1782278795.006965,3,1,0.000,0.000,128.468,IDLE
1782278795.007064,1,1,0.000,0.000,128.468,IDLE
1782278795.007142,43,1,0.000,0.000,128.468,IDLE
1782278795.007231,53,1,0.000,0.000,128.468,IDLE
1782278795.007308,4,1,0.000,0.000,128.468,IDLE
1782278795.007378,18,1,0.000,0.000,128.468,IDLE
1782278795.007449,21,1,0.000,0.000,128.468,IDLE
1782278795.007517,32,1,0.000,0.000,128.468,IDLE
1782278795.007585,57,1,0.000,0.000,128.468,IDLE
1782278795.007654,34,1,0.000,0.000,128.468,IDLE
1782278795.007722,50,1,0.000,0.000,128.468,IDLE
1782278795.007792,54,1,0.000,0.000,128.468,IDLE
1782278795.007859,56,1,0.000,0.000,128.468,IDLE
1782278795.007925,41,1,0.000,0.000,128.468,IDLE
1782278795.007991,52,1,0.000,0.000,128.468,IDLE
1782278795.008058,51,1,0.000,0.000,128.468,IDLE
1782278795.008124,19,1,0.000,0.000,128.468,IDLE
1782278795.008192,31,1,0.000,0.000,128.468,IDLE
1782278795.008260,33,1,0.000,0.000,128.468,IDLE
1782278795.008327,40,1,0.000,0.000,128.468,IDLE
1782278795.008395,42,1,0.000,0.000,128.468,IDLE
1782278795.008464,2,1,0.000,0.000,128.468,IDLE
1782278795.008538,20,1,0.000,0.000,128.468,IDLE
1782278795.106842,55,1,0.000,0.000,128.468,IDLE
1782278795.107017,3,1,0.000,0.000,128.468,IDLE
1782278795.107114,1,1,0.000,0.000,128.468,IDLE
1782278795.107191,43,1,0.000,0.000,128.468,IDLE
1782278795.107264,53,1,0.000,0.000,128.468,IDLE
1782278795.107335,4,1,0.000,0.000,128.468,IDLE
1782278795.107404,18,1,0.000,0.000,128.468,IDLE
1782278795.107473,21,1,0.000,0.000,128.468,IDLE
1782278795.107540,32,1,0.000,0.000,128.468,IDLE
1782278795.107608,57,1,0.000,0.000,128.468,IDLE
1782278795.107677,34,1,0.000,0.000,128.468,IDLE
1782278795.107744,50,1,0.000,0.000,128.468,IDLE
1782278795.107812,54,1,0.000,0.000,128.468,IDLE
1782278795.107879,56,1,0.000,0.000,128.468,IDLE
1782278795.107947,41,1,0.000,0.000,128.468,IDLE
1782278795.108012,52,1,0.000,0.000,128.468,IDLE
1782278795.108079,51,1,0.000,0.000,128.468,IDLE
1782278795.108147,19,1,0.000,0.000,128.468,IDLE
1782278795.108214,31,1,0.000,0.000,128.468,IDLE
1782278795.108281,33,1,0.000,0.000,128.468,IDLE
1782278795.108349,40,1,0.000,0.000,128.468,IDLE
1782278795.108415,42,1,0.000,0.000,128.468,IDLE
1782278795.108483,2,1,0.000,0.000,128.468,IDLE
1782278795.108557,20,1,0.000,0.000,128.468,IDLE
1782278795.206785,55,1,0.000,0.000,128.468,IDLE
1782278795.206961,3,1,0.000,0.000,128.468,IDLE
1782278795.207058,1,1,0.000,0.000,128.468,IDLE
1782278795.207135,43,1,0.000,0.000,128.468,IDLE
1782278795.207208,53,1,0.000,0.000,128.468,IDLE
1782278795.207278,4,1,0.000,0.000,128.468,IDLE
1782278795.207364,18,1,0.000,0.000,128.468,IDLE
1782278795.207436,21,1,0.000,0.000,128.468,IDLE
1782278795.207502,32,1,0.000,0.000,128.468,IDLE
1782278795.207569,57,1,0.000,0.000,128.468,IDLE
1782278795.207637,34,1,0.000,0.000,128.468,IDLE
1782278795.207704,50,1,0.000,0.000,128.468,IDLE
1782278795.207772,54,1,0.000,0.000,128.468,IDLE
1782278795.207839,56,1,0.000,0.000,128.468,IDLE
1782278795.207906,41,1,0.000,0.000,128.468,IDLE
1782278795.207973,52,1,0.000,0.000,128.468,IDLE
1782278795.208040,51,1,0.000,0.000,128.468,IDLE
1782278795.208107,19,1,0.000,0.000,128.468,IDLE
1782278795.208175,31,1,0.000,0.000,128.468,IDLE
1782278795.208242,33,1,0.000,0.000,128.468,IDLE
1782278795.208310,40,1,0.000,0.000,128.468,IDLE
1782278795.208377,42,1,0.000,0.000,128.468,IDLE
1782278795.208446,2,1,0.000,0.000,128.468,IDLE
1782278795.208513,20,1,0.000,0.000,128.468,IDLE
1782278795.306845,55,1,0.000,0.000,128.468,IDLE
1782278795.307026,3,1,0.000,0.000,128.468,IDLE
1782278795.307119,1,1,0.000,0.000,128.468,IDLE
1782278795.307193,43,1,0.000,0.000,128.468,IDLE
1782278795.307264,53,1,0.000,0.000,128.468,IDLE
1782278795.307333,4,1,0.000,0.000,128.468,IDLE
1782278795.307404,18,1,0.000,0.000,128.468,IDLE
1782278795.307472,21,1,0.000,0.000,128.468,IDLE
1782278795.307539,32,1,0.000,0.000,128.468,IDLE
1782278795.307606,57,1,0.000,0.000,128.468,IDLE
1782278795.307674,34,1,0.000,0.000,128.468,IDLE
1782278795.307742,50,1,0.000,0.000,128.468,IDLE
1782278795.307808,54,1,0.000,0.000,128.468,IDLE
1782278795.307876,56,1,0.000,0.000,128.468,IDLE
1782278795.307945,41,1,0.000,0.000,128.468,IDLE
1782278795.308012,52,1,0.000,0.000,128.468,IDLE
1782278795.308079,51,1,0.000,0.000,128.468,IDLE
1782278795.308146,19,1,0.000,0.000,128.468,IDLE
1782278795.308214,31,1,0.000,0.000,128.468,IDLE
1782278795.308281,33,1,0.000,0.000,128.468,IDLE
1782278795.308349,40,1,0.000,0.000,128.468,IDLE
1782278795.308415,42,1,0.000,0.000,128.468,IDLE
1782278795.308483,2,1,0.000,0.000,128.468,IDLE
1782278795.308558,20,1,0.000,0.000,128.468,IDLE
1782278795.406844,55,1,0.000,0.000,128.468,IDLE
1782278795.407026,3,1,0.000,0.000,128.468,IDLE
1782278795.407121,1,1,0.000,0.000,128.468,IDLE
1782278795.407196,43,1,0.000,0.000,128.468,IDLE
1782278795.407267,53,1,0.000,0.000,128.468,IDLE
1782278795.407336,4,1,0.000,0.000,128.468,IDLE
1782278795.407407,18,1,0.000,0.000,128.468,IDLE
1782278795.407475,21,1,0.000,0.000,128.468,IDLE
1782278795.407558,32,1,0.000,0.000,128.468,IDLE
1782278795.407629,57,1,0.000,0.000,128.468,IDLE
1782278795.407696,34,1,0.000,0.000,128.468,IDLE
1782278795.407763,50,1,0.000,0.000,128.468,IDLE
1782278795.407830,54,1,0.000,0.000,128.468,IDLE
1782278795.407898,56,1,0.000,0.000,128.468,IDLE
1782278795.407965,41,1,0.000,0.000,128.468,IDLE
1782278795.408032,52,1,0.000,0.000,128.468,IDLE
1782278795.408098,51,1,0.000,0.000,128.468,IDLE
1782278795.408164,19,1,0.000,0.000,128.468,IDLE
1782278795.408230,31,1,0.000,0.000,128.468,IDLE
1782278795.408298,33,1,0.000,0.000,128.468,IDLE
1782278795.408365,40,1,0.000,0.000,128.468,IDLE
1782278795.408433,42,1,0.000,0.000,128.468,IDLE
1782278795.408501,2,1,0.000,0.000,128.468,IDLE
1782278795.408578,20,1,0.000,0.000,128.468,IDLE
1782278795.506848,55,1,0.000,0.000,128.468,IDLE
1782278795.507022,3,1,0.000,0.000,128.468,IDLE
1782278795.507113,1,1,0.000,0.000,128.468,IDLE
1782278795.507189,43,1,0.000,0.000,128.468,IDLE
1782278795.507258,53,1,0.000,0.000,128.468,IDLE
1782278795.507328,4,1,0.000,0.000,128.468,IDLE
1782278795.507397,18,1,0.000,0.000,128.468,IDLE
1782278795.507463,21,1,0.000,0.000,128.468,IDLE
1782278795.507530,32,1,0.000,0.000,128.468,IDLE
1782278795.507595,57,1,0.000,0.000,128.468,IDLE
1782278795.507661,34,1,0.000,0.000,128.468,IDLE
1782278795.507747,50,1,0.000,0.000,128.468,IDLE
1782278795.507820,54,1,0.000,0.000,128.468,IDLE
1782278795.507887,56,1,0.000,0.000,128.468,IDLE
1782278795.507953,41,1,0.000,0.000,128.468,IDLE
1782278795.508018,52,1,0.000,0.000,128.468,IDLE
1782278795.508083,51,1,0.000,0.000,128.468,IDLE
1782278795.508148,19,1,0.000,0.000,128.468,IDLE
1782278795.508214,31,1,0.000,0.000,128.468,IDLE
1782278795.508280,33,1,0.000,0.000,128.468,IDLE
1782278795.508346,40,1,0.000,0.000,128.468,IDLE
1782278795.508414,42,1,0.000,0.000,128.468,IDLE
1782278795.508480,2,1,0.000,0.000,128.468,IDLE
1782278795.508552,20,1,0.000,0.000,128.468,IDLE
1782278795.606849,55,1,0.000,0.000,128.468,IDLE
1782278795.607110,3,1,0.000,0.000,128.468,IDLE
1782278795.607240,1,1,0.000,0.000,128.468,IDLE
1782278795.607318,43,1,0.000,0.000,128.468,IDLE
1782278795.607388,53,1,0.000,0.000,128.468,IDLE
1782278795.607456,4,1,0.000,0.000,128.468,IDLE
1782278795.607525,18,1,0.000,0.000,128.468,IDLE
1782278795.607590,21,1,0.000,0.000,128.468,IDLE
1782278795.607654,32,1,0.000,0.000,128.468,IDLE
1782278795.607720,57,1,0.000,0.000,128.468,IDLE
1782278795.607802,34,1,0.000,0.000,128.468,IDLE
1782278795.607871,50,1,0.000,0.000,128.468,IDLE
1782278795.607937,54,1,0.000,0.000,128.468,IDLE
1782278795.608003,56,1,0.000,0.000,128.468,IDLE
1782278795.608068,41,1,0.000,0.000,128.468,IDLE
1782278795.608132,52,1,0.000,0.000,128.468,IDLE
1782278795.608197,51,1,0.000,0.000,128.468,IDLE
1782278795.608262,19,1,0.000,0.000,128.468,IDLE
1782278795.608327,31,1,0.000,0.000,128.468,IDLE
1782278795.608392,33,1,0.000,0.000,128.468,IDLE
1782278795.608457,40,1,0.000,0.000,128.468,IDLE
1782278795.608524,42,1,0.000,0.000,128.468,IDLE
1782278795.608603,2,1,0.000,0.000,128.468,IDLE
1782278795.608673,20,1,0.000,0.000,128.468,IDLE
1782278795.706861,55,1,0.000,0.000,128.468,IDLE
1782278795.707037,3,1,0.000,0.000,128.468,IDLE
1782278795.707129,1,1,0.000,0.000,128.468,IDLE
1782278795.707333,43,1,0.000,0.000,128.468,IDLE
1782278795.707426,53,1,0.000,0.000,128.468,IDLE
1782278795.707498,4,1,0.000,0.000,128.468,IDLE
1782278795.707569,18,1,0.000,0.000,128.468,IDLE
1782278795.707636,21,1,0.000,0.000,128.468,IDLE
1782278795.707700,32,1,0.000,0.000,128.468,IDLE
1782278795.707766,57,1,0.000,0.000,128.468,IDLE
1782278795.707831,34,1,0.000,0.000,128.468,IDLE
1782278795.707896,50,1,0.000,0.000,128.468,IDLE
1782278795.707961,54,1,0.000,0.000,128.468,IDLE
1782278795.708026,56,1,0.000,0.000,128.468,IDLE
1782278795.708092,41,1,0.000,0.000,128.468,IDLE
1782278795.708157,52,1,0.000,0.000,128.468,IDLE
1782278795.708221,51,1,0.000,0.000,128.468,IDLE
1782278795.708286,19,1,0.000,0.000,128.468,IDLE
1782278795.708350,31,1,0.000,0.000,128.468,IDLE
1782278795.708415,33,1,0.000,0.000,128.468,IDLE
1782278795.708481,40,1,0.000,0.000,128.468,IDLE
1782278795.708555,42,1,0.000,0.000,128.468,IDLE
1782278795.708626,2,1,0.000,0.000,128.468,IDLE
1782278795.708693,20,1,0.000,0.000,128.468,IDLE
1782278795.806849,55,1,0.000,0.000,128.468,IDLE
1782278795.807024,3,1,0.000,0.000,128.468,IDLE
1782278795.807116,1,1,0.000,0.000,128.468,IDLE
1782278795.807191,43,1,0.000,0.000,128.468,IDLE
1782278795.807262,53,1,0.000,0.000,128.468,IDLE
1782278795.807332,4,1,0.000,0.000,128.468,IDLE
1782278795.807403,18,1,0.000,0.000,128.468,IDLE
1782278795.807470,21,1,0.000,0.000,128.468,IDLE
1782278795.807537,32,1,0.000,0.000,128.468,IDLE
1782278795.807603,57,1,0.000,0.000,128.468,IDLE
1782278795.807670,34,1,0.000,0.000,128.468,IDLE
1782278795.807738,50,1,0.000,0.000,128.468,IDLE
1782278795.807821,54,1,0.000,0.000,128.468,IDLE
1782278795.807893,56,1,0.000,0.000,128.468,IDLE
1782278795.807962,41,1,0.000,0.000,128.468,IDLE
1782278795.808028,52,1,0.000,0.000,128.468,IDLE
1782278795.808095,51,1,0.000,0.000,128.468,IDLE
1782278795.808162,19,1,0.000,0.000,128.468,IDLE
1782278795.808229,31,1,0.000,0.000,128.468,IDLE
1782278795.808296,33,1,0.000,0.000,128.468,IDLE
1782278795.808363,40,1,0.000,0.000,128.468,IDLE
1782278795.808431,42,1,0.000,0.000,128.468,IDLE
1782278795.808499,2,1,0.000,0.000,128.468,IDLE
1782278795.808590,20,1,0.000,0.000,128.468,IDLE
1782278795.906800,55,1,0.000,0.000,128.468,IDLE
1782278795.906975,3,1,0.000,0.000,128.468,IDLE
1782278795.907068,1,1,0.000,0.000,128.468,IDLE
1782278795.907144,43,1,0.000,0.000,128.468,IDLE
1782278795.907216,53,1,0.000,0.000,128.468,IDLE
1782278795.907289,4,1,0.000,0.000,128.468,IDLE
1782278795.907357,18,1,0.000,0.000,128.468,IDLE
1782278795.907425,21,1,0.000,0.000,128.468,IDLE
1782278795.907492,32,1,0.000,0.000,128.468,IDLE
1782278795.907559,57,1,0.000,0.000,128.468,IDLE
1782278795.907626,34,1,0.000,0.000,128.468,IDLE
1782278795.907781,50,1,0.000,0.000,128.468,IDLE
1782278795.907875,54,1,0.000,0.000,128.468,IDLE
1782278795.907946,56,1,0.000,0.000,128.468,IDLE
1782278795.908013,41,1,0.000,0.000,128.468,IDLE
1782278795.908077,52,1,0.000,0.000,128.468,IDLE
1782278795.908142,51,1,0.000,0.000,128.468,IDLE
1782278795.908207,19,1,0.000,0.000,128.468,IDLE
1782278795.908271,31,1,0.000,0.000,128.468,IDLE
1782278795.908335,33,1,0.000,0.000,128.468,IDLE
1782278795.908400,40,1,0.000,0.000,128.468,IDLE
1782278795.908467,42,1,0.000,0.000,128.468,IDLE
1782278795.908531,2,1,0.000,0.000,128.468,IDLE
1782278795.908612,20,1,0.000,0.000,128.468,IDLE
1782278796.006839,55,1,0.000,0.000,128.468,IDLE
1782278796.007013,3,1,0.000,0.000,128.468,IDLE
1782278796.007105,1,1,0.000,0.000,128.468,IDLE
1782278796.007181,43,1,0.000,0.000,128.468,IDLE
1782278796.007252,53,1,0.000,0.000,128.468,IDLE
1782278796.007326,4,1,0.000,0.000,128.468,IDLE
1782278796.007394,18,1,0.000,0.000,128.468,IDLE
1782278796.007462,21,1,0.000,0.000,128.468,IDLE
1782278796.007529,32,1,0.000,0.000,128.468,IDLE
1782278796.007596,57,1,0.000,0.000,128.468,IDLE
1782278796.007662,34,1,0.000,0.000,128.468,IDLE
1782278796.007729,50,1,0.000,0.000,128.468,IDLE
1782278796.007796,54,1,0.000,0.000,128.468,IDLE
1782278796.007864,56,1,0.000,0.000,128.468,IDLE
1782278796.007947,41,1,0.000,0.000,128.468,IDLE
1782278796.008017,52,1,0.000,0.000,128.468,IDLE
1782278796.008083,51,1,0.000,0.000,128.468,IDLE
1782278796.008150,19,1,0.000,0.000,128.468,IDLE
1782278796.008217,31,1,0.000,0.000,128.468,IDLE
1782278796.008284,33,1,0.000,0.000,128.468,IDLE
1782278796.008351,40,1,0.000,0.000,128.468,IDLE
1782278796.008419,42,1,0.000,0.000,128.468,IDLE
1782278796.008485,2,1,0.000,0.000,128.468,IDLE
1782278796.008558,20,1,0.000,0.000,128.468,IDLE
1782278796.106835,55,1,0.000,0.000,128.468,IDLE
1782278796.107014,3,1,0.000,0.000,128.468,IDLE
1782278796.107109,1,1,0.000,0.000,128.468,IDLE
1782278796.107188,43,1,0.000,0.000,128.468,IDLE
1782278796.107260,53,1,0.000,0.000,128.468,IDLE
1782278796.107332,4,1,0.000,0.000,128.468,IDLE
1782278796.107400,18,1,0.000,0.000,128.468,IDLE
1782278796.107468,21,1,0.000,0.000,128.468,IDLE
1782278796.107535,32,1,0.000,0.000,128.468,IDLE
1782278796.107601,57,1,0.000,0.000,128.468,IDLE
1782278796.107668,34,1,0.000,0.000,128.468,IDLE
1782278796.107872,50,1,0.000,0.000,128.468,IDLE
1782278796.107954,54,1,0.000,0.000,128.468,IDLE
1782278796.108021,56,1,0.000,0.000,128.468,IDLE
1782278796.108088,41,1,0.000,0.000,128.468,IDLE
1782278796.108154,52,1,0.000,0.000,128.468,IDLE
1782278796.108220,51,1,0.000,0.000,128.468,IDLE
1782278796.108285,19,1,0.000,0.000,128.468,IDLE
1782278796.108350,31,1,0.000,0.000,128.468,IDLE
1782278796.108416,33,1,0.000,0.000,128.468,IDLE
1782278796.108482,40,1,0.000,0.000,128.468,IDLE
1782278796.108548,42,1,0.000,0.000,128.468,IDLE
1782278796.108623,2,1,0.000,0.000,128.468,IDLE
1782278796.108691,20,1,0.000,0.000,128.468,IDLE
1782278796.206847,55,1,0.000,0.000,128.468,IDLE
1782278796.207023,3,1,0.000,0.000,128.468,IDLE
1782278796.207118,1,1,0.000,0.000,128.468,IDLE
1782278796.207197,43,1,0.000,0.000,128.468,IDLE
1782278796.207270,53,1,0.000,0.000,128.468,IDLE
1782278796.207343,4,1,0.000,0.000,128.468,IDLE
1782278796.207410,18,1,0.000,0.000,128.468,IDLE
1782278796.207478,21,1,0.000,0.000,128.468,IDLE
1782278796.207544,32,1,0.000,0.000,128.468,IDLE
1782278796.207612,57,1,0.000,0.000,128.468,IDLE
1782278796.207680,34,1,0.000,0.000,128.468,IDLE
1782278796.207764,50,1,0.000,0.000,128.468,IDLE
1782278796.207839,54,1,0.000,0.000,128.468,IDLE
1782278796.207907,56,1,0.000,0.000,128.468,IDLE
1782278796.207975,41,1,0.000,0.000,128.468,IDLE
1782278796.208042,52,1,0.000,0.000,128.468,IDLE
1782278796.208124,51,1,0.000,0.000,128.468,IDLE
1782278796.208195,19,1,0.000,0.000,128.468,IDLE
1782278796.208262,31,1,0.000,0.000,128.468,IDLE
1782278796.208328,33,1,0.000,0.000,128.468,IDLE
1782278796.208397,40,1,0.000,0.000,128.468,IDLE
1782278796.208464,42,1,0.000,0.000,128.468,IDLE
1782278796.208532,2,1,0.000,0.000,128.468,IDLE
1782278796.208609,20,1,0.000,0.000,128.468,IDLE
1782278796.306846,55,1,0.000,0.000,128.468,IDLE
1782278796.307020,3,1,0.000,0.000,128.468,IDLE
1782278796.307110,1,1,0.000,0.000,128.468,IDLE
1782278796.307183,43,1,0.000,0.000,128.468,IDLE
1782278796.307253,53,1,0.000,0.000,128.468,IDLE
1782278796.307324,4,1,0.000,0.000,128.468,IDLE
1782278796.307393,18,1,0.000,0.000,128.468,IDLE
1782278796.307459,21,1,0.000,0.000,128.468,IDLE
1782278796.307525,32,1,0.000,0.000,128.468,IDLE
1782278796.307591,57,1,0.000,0.000,128.468,IDLE
1782278796.307658,34,1,0.000,0.000,128.468,IDLE
1782278796.307724,50,1,0.000,0.000,128.468,IDLE
1782278796.307790,54,1,0.000,0.000,128.468,IDLE
1782278796.307856,56,1,0.000,0.000,128.468,IDLE
1782278796.307924,41,1,0.000,0.000,128.468,IDLE
1782278796.307991,52,1,0.000,0.000,128.468,IDLE
1782278796.308056,51,1,0.000,0.000,128.468,IDLE
1782278796.308122,19,1,0.000,0.000,128.468,IDLE
1782278796.308188,31,1,0.000,0.000,128.468,IDLE
1782278796.308254,33,1,0.000,0.000,128.468,IDLE
1782278796.308321,40,1,0.000,0.000,128.468,IDLE
1782278796.308387,42,1,0.000,0.000,128.468,IDLE
1782278796.308453,2,1,0.000,0.000,128.468,IDLE
1782278796.308520,20,1,0.000,0.000,128.468,IDLE
1782278796.406849,55,1,0.000,0.000,128.468,IDLE
1782278796.407025,3,1,0.000,0.000,128.468,IDLE
1782278796.407117,1,1,0.000,0.000,128.468,IDLE
1782278796.407192,43,1,0.000,0.000,128.468,IDLE
1782278796.407262,53,1,0.000,0.000,128.468,IDLE
1782278796.407334,4,1,0.000,0.000,128.468,IDLE
1782278796.407402,18,1,0.000,0.000,128.468,IDLE
1782278796.407469,21,1,0.000,0.000,128.468,IDLE
1782278796.407536,32,1,0.000,0.000,128.468,IDLE
1782278796.407603,57,1,0.000,0.000,128.468,IDLE
1782278796.407671,34,1,0.000,0.000,128.468,IDLE
1782278796.407737,50,1,0.000,0.000,128.468,IDLE
1782278796.407804,54,1,0.000,0.000,128.468,IDLE
1782278796.407871,56,1,0.000,0.000,128.468,IDLE
1782278796.407938,41,1,0.000,0.000,128.468,IDLE
1782278796.408004,52,1,0.000,0.000,128.468,IDLE
1782278796.408071,51,1,0.000,0.000,128.468,IDLE
1782278796.408137,19,1,0.000,0.000,128.468,IDLE
1782278796.408221,31,1,0.000,0.000,128.468,IDLE
1782278796.408290,33,1,0.000,0.000,128.468,IDLE
1782278796.408358,40,1,0.000,0.000,128.468,IDLE
1782278796.408424,42,1,0.000,0.000,128.468,IDLE
1782278796.408491,2,1,0.000,0.000,128.468,IDLE
1782278796.408557,20,1,0.000,0.000,128.468,IDLE
1782278796.506844,55,1,0.000,0.000,128.468,IDLE
1782278796.507018,3,1,0.000,0.000,128.468,IDLE
1782278796.507108,1,1,0.000,0.000,128.468,IDLE
1782278796.507180,43,1,0.000,0.000,128.468,IDLE
1782278796.507252,53,1,0.000,0.000,128.468,IDLE
1782278796.507323,4,1,0.000,0.000,128.468,IDLE
1782278796.507392,18,1,0.000,0.000,128.468,IDLE
1782278796.507458,21,1,0.000,0.000,128.468,IDLE
1782278796.507525,32,1,0.000,0.000,128.468,IDLE
1782278796.507591,57,1,0.000,0.000,128.468,IDLE
1782278796.507656,34,1,0.000,0.000,128.468,IDLE
1782278796.507722,50,1,0.000,0.000,128.468,IDLE
1782278796.507788,54,1,0.000,0.000,128.468,IDLE
1782278796.507854,56,1,0.000,0.000,128.468,IDLE
1782278796.507921,41,1,0.000,0.000,128.468,IDLE
1782278796.507987,52,1,0.000,0.000,128.468,IDLE
1782278796.508053,51,1,0.000,0.000,128.468,IDLE
1782278796.508119,19,1,0.000,0.000,128.468,IDLE
1782278796.508185,31,1,0.000,0.000,128.468,IDLE
1782278796.508251,33,1,0.000,0.000,128.468,IDLE
1782278796.508317,40,1,0.000,0.000,128.468,IDLE
1782278796.508383,42,1,0.000,0.000,128.468,IDLE
1782278796.508449,2,1,0.000,0.000,128.468,IDLE
1782278796.508533,20,1,0.000,0.000,128.468,IDLE
1782278796.606846,55,1,0.000,0.000,128.468,IDLE
1782278796.607019,3,1,0.000,0.000,128.468,IDLE
1782278796.607113,1,1,0.000,0.000,128.468,IDLE
1782278796.607188,43,1,0.000,0.000,128.468,IDLE
1782278796.607264,53,1,0.000,0.000,128.468,IDLE
1782278796.607334,4,1,0.000,0.000,128.468,IDLE
1782278796.607404,18,1,0.000,0.000,128.468,IDLE
1782278796.607472,21,1,0.000,0.000,128.468,IDLE
1782278796.607541,32,1,0.000,0.000,128.468,IDLE
1782278796.607609,57,1,0.000,0.000,128.468,IDLE
1782278796.607678,34,1,0.000,0.000,128.468,IDLE
1782278796.607748,50,1,0.000,0.000,128.468,IDLE
1782278796.607817,54,1,0.000,0.000,128.468,IDLE
1782278796.607887,56,1,0.000,0.000,128.468,IDLE
1782278796.607957,41,1,0.000,0.000,128.468,IDLE
1782278796.608026,52,1,0.000,0.000,128.468,IDLE
1782278796.608094,51,1,0.000,0.000,128.468,IDLE
1782278796.608162,19,1,0.000,0.000,128.468,IDLE
1782278796.608230,31,1,0.000,0.000,128.468,IDLE
1782278796.608299,33,1,0.000,0.000,128.468,IDLE
1782278796.608385,40,1,0.000,0.000,128.468,IDLE
1782278796.608457,42,1,0.000,0.000,128.468,IDLE
1782278796.608526,2,1,0.000,0.000,128.468,IDLE
1782278796.608600,20,1,0.000,0.000,128.468,IDLE
1782278796.706850,55,1,0.000,0.000,128.468,IDLE
1782278796.707024,3,1,0.000,0.000,128.468,IDLE
1782278796.707117,1,1,0.000,0.000,128.468,IDLE
1782278796.707188,43,1,0.000,0.000,128.468,IDLE
1782278796.707261,53,1,0.000,0.000,128.468,IDLE
1782278796.707329,4,1,0.000,0.000,128.468,IDLE
1782278796.707398,18,1,0.000,0.000,128.468,IDLE
1782278796.707464,21,1,0.000,0.000,128.468,IDLE
1782278796.707531,32,1,0.000,0.000,128.468,IDLE
1782278796.707597,57,1,0.000,0.000,128.468,IDLE
1782278796.707663,34,1,0.000,0.000,128.468,IDLE
1782278796.707730,50,1,0.000,0.000,128.468,IDLE
1782278796.707796,54,1,0.000,0.000,128.468,IDLE
1782278796.707862,56,1,0.000,0.000,128.468,IDLE
1782278796.707929,41,1,0.000,0.000,128.468,IDLE
1782278796.707994,52,1,0.000,0.000,128.468,IDLE
1782278796.708060,51,1,0.000,0.000,128.468,IDLE
1782278796.708125,19,1,0.000,0.000,128.468,IDLE
1782278796.708190,31,1,0.000,0.000,128.468,IDLE
1782278796.708256,33,1,0.000,0.000,128.468,IDLE
1782278796.708323,40,1,0.000,0.000,128.468,IDLE
1782278796.708389,42,1,0.000,0.000,128.468,IDLE
1782278796.708455,2,1,0.000,0.000,128.468,IDLE
1782278796.708521,20,1,0.000,0.000,128.468,IDLE
1782278796.806851,55,1,0.000,0.000,128.468,IDLE
1782278796.807023,3,1,0.000,0.000,128.468,IDLE
1782278796.807115,1,1,0.000,0.000,128.468,IDLE
1782278796.807190,43,1,0.000,0.000,128.468,IDLE
1782278796.807264,53,1,0.000,0.000,128.468,IDLE
1782278796.807334,4,1,0.000,0.000,128.468,IDLE
1782278796.807401,18,1,0.000,0.000,128.468,IDLE
1782278796.807470,21,1,0.000,0.000,128.468,IDLE
1782278796.807539,32,1,0.000,0.000,128.468,IDLE
1782278796.807606,57,1,0.000,0.000,128.468,IDLE
1782278796.807674,34,1,0.000,0.000,128.468,IDLE
1782278796.807769,50,1,0.000,0.000,128.468,IDLE
1782278796.807842,54,1,0.000,0.000,128.468,IDLE
1782278796.807908,56,1,0.000,0.000,128.468,IDLE
1782278796.807975,41,1,0.000,0.000,128.468,IDLE
1782278796.808041,52,1,0.000,0.000,128.468,IDLE
1782278796.808106,51,1,0.000,0.000,128.468,IDLE
1782278796.808171,19,1,0.000,0.000,128.468,IDLE
1782278796.808234,31,1,0.000,0.000,128.468,IDLE
1782278796.808299,33,1,0.000,0.000,128.468,IDLE
1782278796.808366,40,1,0.000,0.000,128.468,IDLE
1782278796.808433,42,1,0.000,0.000,128.468,IDLE
1782278796.808514,2,1,0.000,0.000,128.468,IDLE
1782278796.808587,20,1,0.000,0.000,128.468,IDLE
1782278796.906847,55,1,0.000,0.000,128.468,IDLE
1782278796.907023,3,1,0.000,0.000,128.468,IDLE
1782278796.907115,1,1,0.000,0.000,128.468,IDLE
1782278796.907190,43,1,0.000,0.000,128.468,IDLE
1782278796.907262,53,1,0.000,0.000,128.468,IDLE
1782278796.907332,4,1,0.000,0.000,128.468,IDLE
1782278796.907401,18,1,0.000,0.000,128.468,IDLE
1782278796.907471,21,1,0.000,0.000,128.468,IDLE
1782278796.907539,32,1,0.000,0.000,128.468,IDLE
1782278796.907608,57,1,0.000,0.000,128.468,IDLE
1782278796.907677,34,1,0.000,0.000,128.468,IDLE
1782278796.907763,50,1,0.000,0.000,128.468,IDLE
1782278796.907838,54,1,0.000,0.000,128.468,IDLE
1782278796.907906,56,1,0.000,0.000,128.468,IDLE
1782278796.907973,41,1,0.000,0.000,128.468,IDLE
1782278796.908041,52,1,0.000,0.000,128.468,IDLE
1782278796.908108,51,1,0.000,0.000,128.468,IDLE
1782278796.908175,19,1,0.000,0.000,128.468,IDLE
1782278796.908242,31,1,0.000,0.000,128.468,IDLE
1782278796.908310,33,1,0.000,0.000,128.468,IDLE
1782278796.908379,40,1,0.000,0.000,128.468,IDLE
1782278796.908445,42,1,0.000,0.000,128.468,IDLE
1782278796.908513,2,1,0.000,0.000,128.468,IDLE
1782278796.908579,20,1,0.000,0.000,128.468,IDLE
1782278797.006847,55,1,0.000,0.000,128.468,IDLE
1782278797.007024,3,1,0.000,0.000,128.468,IDLE
1782278797.007117,1,1,0.000,0.000,128.468,IDLE
1782278797.007191,43,1,0.000,0.000,128.468,IDLE
1782278797.007264,53,1,0.000,0.000,128.468,IDLE
1782278797.007335,4,1,0.000,0.000,128.468,IDLE
1782278797.007405,18,1,0.000,0.000,128.468,IDLE
1782278797.007473,21,1,0.000,0.000,128.468,IDLE
1782278797.007541,32,1,0.000,0.000,128.468,IDLE
1782278797.007608,57,1,0.000,0.000,128.468,IDLE
1782278797.007675,34,1,0.000,0.000,128.468,IDLE
1782278797.007741,50,1,0.000,0.000,128.468,IDLE
1782278797.007808,54,1,0.000,0.000,128.468,IDLE
1782278797.007875,56,1,0.000,0.000,128.468,IDLE
1782278797.007944,41,1,0.000,0.000,128.468,IDLE
1782278797.008012,52,1,0.000,0.000,128.468,IDLE
1782278797.008079,51,1,0.000,0.000,128.468,IDLE
1782278797.008146,19,1,0.000,0.000,128.468,IDLE
1782278797.008212,31,1,0.000,0.000,128.468,IDLE
1782278797.008278,33,1,0.000,0.000,128.468,IDLE
1782278797.008346,40,1,0.000,0.000,128.468,IDLE
1782278797.008413,42,1,0.000,0.000,128.468,IDLE
1782278797.008481,2,1,0.000,0.000,128.468,IDLE
1782278797.008548,20,1,0.000,0.000,128.468,IDLE
1782278797.106845,55,1,0.000,0.000,128.468,IDLE
1782278797.107083,3,1,0.000,0.000,128.468,IDLE
1782278797.107178,1,1,0.000,0.000,128.468,IDLE
1782278797.107252,43,1,0.000,0.000,128.468,IDLE
1782278797.107324,53,1,0.000,0.000,128.468,IDLE
1782278797.107393,4,1,0.000,0.000,128.468,IDLE
1782278797.107461,18,1,0.000,0.000,128.468,IDLE
1782278797.107530,21,1,0.000,0.000,128.468,IDLE
1782278797.107597,32,1,0.000,0.000,128.468,IDLE
1782278797.107664,57,1,0.000,0.000,128.468,IDLE
1782278797.107731,34,1,0.000,0.000,128.468,IDLE
1782278797.107797,50,1,0.000,0.000,128.468,IDLE
1782278797.107864,54,1,0.000,0.000,128.468,IDLE
1782278797.107930,56,1,0.000,0.000,128.468,IDLE
1782278797.107997,41,1,0.000,0.000,128.468,IDLE
1782278797.108063,52,1,0.000,0.000,128.468,IDLE
1782278797.108129,51,1,0.000,0.000,128.468,IDLE
1782278797.108195,19,1,0.000,0.000,128.468,IDLE
1782278797.108261,31,1,0.000,0.000,128.468,IDLE
1782278797.108328,33,1,0.000,0.000,128.468,IDLE
1782278797.108396,40,1,0.000,0.000,128.468,IDLE
1782278797.108462,42,1,0.000,0.000,128.468,IDLE
1782278797.108529,2,1,0.000,0.000,128.468,IDLE
1782278797.108603,20,1,0.000,0.000,128.468,IDLE
1782278797.206788,55,1,0.000,0.000,128.468,IDLE
1782278797.206967,3,1,0.000,0.000,128.468,IDLE
1782278797.207063,1,1,0.000,0.000,128.468,IDLE
1782278797.207141,43,1,0.000,0.000,128.468,IDLE
1782278797.207213,53,1,0.000,0.000,128.468,IDLE
1782278797.207283,4,1,0.000,0.000,128.468,IDLE
1782278797.207352,18,1,0.000,0.000,128.468,IDLE
1782278797.207422,21,1,0.000,0.000,128.468,IDLE
1782278797.207490,32,1,0.000,0.000,128.468,IDLE
1782278797.207557,57,1,0.000,0.000,128.468,IDLE
1782278797.207625,34,1,0.000,0.000,128.468,IDLE
1782278797.207692,50,1,0.000,0.000,128.468,IDLE
1782278797.207759,54,1,0.000,0.000,128.468,IDLE
1782278797.207827,56,1,0.000,0.000,128.468,IDLE
1782278797.207896,41,1,0.000,0.000,128.468,IDLE
1782278797.208054,52,1,0.000,0.000,128.468,IDLE
1782278797.208138,51,1,0.000,0.000,128.468,IDLE
1782278797.208210,19,1,0.000,0.000,128.468,IDLE
1782278797.208279,31,1,0.000,0.000,128.468,IDLE
1782278797.208349,33,1,0.000,0.000,128.468,IDLE
1782278797.208419,40,1,0.000,0.000,128.468,IDLE
1782278797.208487,42,1,0.000,0.000,128.468,IDLE
1782278797.208555,2,1,0.000,0.000,128.468,IDLE
1782278797.208651,20,1,0.000,0.000,128.468,IDLE
1782278797.306859,55,1,0.000,0.000,128.468,IDLE
1782278797.307036,3,1,0.000,0.000,128.468,IDLE
1782278797.307145,1,1,0.000,0.000,128.468,IDLE
1782278797.307224,43,1,0.000,0.000,128.468,IDLE
1782278797.307299,53,1,0.000,0.000,128.468,IDLE
1782278797.307371,4,1,0.000,0.000,128.468,IDLE
1782278797.307439,18,1,0.000,0.000,128.468,IDLE
1782278797.307511,21,1,0.000,0.000,128.468,IDLE
1782278797.307578,32,1,0.000,0.000,128.468,IDLE
1782278797.307646,57,1,0.000,0.000,128.468,IDLE
1782278797.307714,34,1,0.000,0.000,128.468,IDLE
1782278797.307780,50,1,0.000,0.000,128.468,IDLE
1782278797.307847,54,1,0.000,0.000,128.468,IDLE
1782278797.307915,56,1,0.000,0.000,128.468,IDLE
1782278797.307982,41,1,0.000,0.000,128.468,IDLE
1782278797.308049,52,1,0.000,0.000,128.468,IDLE
1782278797.308116,51,1,0.000,0.000,128.468,IDLE
1782278797.308183,19,1,0.000,0.000,128.468,IDLE
1782278797.308249,31,1,0.000,0.000,128.468,IDLE
1782278797.308317,33,1,0.000,0.000,128.468,IDLE
1782278797.308384,40,1,0.000,0.000,128.468,IDLE
1782278797.308451,42,1,0.000,0.000,128.468,IDLE
1782278797.308518,2,1,0.000,0.000,128.468,IDLE
1782278797.308586,20,1,0.000,0.000,128.468,IDLE
1782278797.406847,55,1,0.000,0.000,128.468,IDLE
1782278797.407022,3,1,0.000,0.000,128.468,IDLE
1782278797.407116,1,1,0.000,0.000,128.468,IDLE
1782278797.407191,43,1,0.000,0.000,128.468,IDLE
1782278797.407264,53,1,0.000,0.000,128.468,IDLE
1782278797.407334,4,1,0.000,0.000,128.468,IDLE
1782278797.407402,18,1,0.000,0.000,128.468,IDLE
1782278797.407471,21,1,0.000,0.000,128.468,IDLE
1782278797.407539,32,1,0.000,0.000,128.468,IDLE
1782278797.407604,57,1,0.000,0.000,128.468,IDLE
1782278797.407671,34,1,0.000,0.000,128.468,IDLE
1782278797.407738,50,1,0.000,0.000,128.468,IDLE
1782278797.407804,54,1,0.000,0.000,128.468,IDLE
1782278797.407871,56,1,0.000,0.000,128.468,IDLE
1782278797.407938,41,1,0.000,0.000,128.468,IDLE
1782278797.408005,52,1,0.000,0.000,128.468,IDLE
1782278797.408071,51,1,0.000,0.000,128.468,IDLE
1782278797.408138,19,1,0.000,0.000,128.468,IDLE
1782278797.408204,31,1,0.000,0.000,128.468,IDLE
1782278797.408271,33,1,0.000,0.000,128.468,IDLE
1782278797.408338,40,1,0.000,0.000,128.468,IDLE
1782278797.408406,42,1,0.000,0.000,128.468,IDLE
1782278797.408472,2,1,0.000,0.000,128.468,IDLE
1782278797.408540,20,1,0.000,0.000,128.468,IDLE
1782278797.506848,55,1,0.000,0.000,128.468,IDLE
1782278797.507042,3,1,0.000,0.000,128.468,IDLE
1782278797.508456,1,1,0.000,0.000,128.468,IDLE
1782278797.508751,43,1,0.000,0.000,128.468,IDLE
1782278797.508893,53,1,0.000,0.000,128.468,IDLE
1782278797.508976,4,1,0.000,0.000,128.468,IDLE
1782278797.509048,18,1,0.000,0.000,128.468,IDLE
1782278797.509118,21,1,0.000,0.000,128.468,IDLE
1782278797.509186,32,1,0.000,0.000,128.468,IDLE
1782278797.509254,57,1,0.000,0.000,128.468,IDLE
1782278797.509321,34,1,0.000,0.000,128.468,IDLE
1782278797.509388,50,1,0.000,0.000,128.468,IDLE
1782278797.509455,54,1,0.000,0.000,128.468,IDLE
1782278797.509522,56,1,0.000,0.000,128.468,IDLE
1782278797.509588,41,1,0.000,0.000,128.468,IDLE
1782278797.509655,52,1,0.000,0.000,128.468,IDLE
1782278797.509723,51,1,0.000,0.000,128.468,IDLE
1782278797.509788,19,1,0.000,0.000,128.468,IDLE
1782278797.509855,31,1,0.000,0.000,128.468,IDLE
1782278797.509921,33,1,0.000,0.000,128.468,IDLE
1782278797.509988,40,1,0.000,0.000,128.468,IDLE
1782278797.510054,42,1,0.000,0.000,128.468,IDLE
1782278797.510119,2,1,0.000,0.000,128.468,IDLE
1782278797.510186,20,1,0.000,0.000,128.468,IDLE
1782278797.606787,55,1,0.000,0.000,128.468,IDLE
1782278797.606961,3,1,0.000,0.000,128.468,IDLE
1782278797.607054,1,1,0.000,0.000,128.468,IDLE
1782278797.607129,43,1,0.000,0.000,128.468,IDLE
1782278797.607203,53,1,0.000,0.000,128.468,IDLE
1782278797.607274,4,1,0.000,0.000,128.468,IDLE
1782278797.607344,18,1,0.000,0.000,128.468,IDLE
1782278797.607412,21,1,0.000,0.000,128.468,IDLE
1782278797.607479,32,1,0.000,0.000,128.468,IDLE
1782278797.607547,57,1,0.000,0.000,128.468,IDLE
1782278797.607614,34,1,0.000,0.000,128.468,IDLE
1782278797.607698,50,1,0.000,0.000,128.468,IDLE
1782278797.607772,54,1,0.000,0.000,128.468,IDLE
1782278797.607839,56,1,0.000,0.000,128.468,IDLE
1782278797.607907,41,1,0.000,0.000,128.468,IDLE
1782278797.607974,52,1,0.000,0.000,128.468,IDLE
1782278797.608040,51,1,0.000,0.000,128.468,IDLE
1782278797.608107,19,1,0.000,0.000,128.468,IDLE
1782278797.608173,31,1,0.000,0.000,128.468,IDLE
1782278797.608241,33,1,0.000,0.000,128.468,IDLE
1782278797.608307,40,1,0.000,0.000,128.468,IDLE
1782278797.608374,42,1,0.000,0.000,128.468,IDLE
1782278797.608441,2,1,0.000,0.000,128.468,IDLE
1782278797.608508,20,1,0.000,0.000,128.468,IDLE
1782278797.706842,55,1,0.000,0.000,128.468,IDLE
1782278797.707016,3,1,0.000,0.000,128.468,IDLE
1782278797.707108,1,1,0.000,0.000,128.468,IDLE
1782278797.707184,43,1,0.000,0.000,128.468,IDLE
1782278797.707253,53,1,0.000,0.000,128.468,IDLE
1782278797.707322,4,1,0.000,0.000,128.468,IDLE
1782278797.707405,18,1,0.000,0.000,128.468,IDLE
1782278797.707477,21,1,0.000,0.000,128.468,IDLE
1782278797.707545,32,1,0.000,0.000,128.468,IDLE
1782278797.707613,57,1,0.000,0.000,128.468,IDLE
1782278797.707679,34,1,0.000,0.000,128.468,IDLE
1782278797.707745,50,1,0.000,0.000,128.468,IDLE
1782278797.707811,54,1,0.000,0.000,128.468,IDLE
1782278797.707876,56,1,0.000,0.000,128.468,IDLE
1782278797.707943,41,1,0.000,0.000,128.468,IDLE
1782278797.708009,52,1,0.000,0.000,128.468,IDLE
1782278797.708076,51,1,0.000,0.000,128.468,IDLE
1782278797.708143,19,1,0.000,0.000,128.468,IDLE
1782278797.708209,31,1,0.000,0.000,128.468,IDLE
1782278797.708277,33,1,0.000,0.000,128.468,IDLE
1782278797.708344,40,1,0.000,0.000,128.468,IDLE
1782278797.708488,42,1,0.000,0.000,128.468,IDLE
1782278797.708587,2,1,0.000,0.000,128.468,IDLE
1782278797.708667,20,1,0.000,0.000,128.468,IDLE
1782278797.806844,55,1,0.000,0.000,128.468,IDLE
1782278797.807017,3,1,0.000,0.000,128.468,IDLE
1782278797.807110,1,1,0.000,0.000,128.468,IDLE
1782278797.807186,43,1,0.000,0.000,128.468,IDLE
1782278797.807256,53,1,0.000,0.000,128.468,IDLE
1782278797.807324,4,1,0.000,0.000,128.468,IDLE
1782278797.807393,18,1,0.000,0.000,128.468,IDLE
1782278797.807461,21,1,0.000,0.000,128.468,IDLE
1782278797.807530,32,1,0.000,0.000,128.468,IDLE
1782278797.807597,57,1,0.000,0.000,128.468,IDLE
1782278797.807665,34,1,0.000,0.000,128.468,IDLE
1782278797.807732,50,1,0.000,0.000,128.468,IDLE
1782278797.807799,54,1,0.000,0.000,128.468,IDLE
1782278797.807866,56,1,0.000,0.000,128.468,IDLE
1782278797.807934,41,1,0.000,0.000,128.468,IDLE
1782278797.808001,52,1,0.000,0.000,128.468,IDLE
1782278797.808067,51,1,0.000,0.000,128.468,IDLE
1782278797.808133,19,1,0.000,0.000,128.468,IDLE
1782278797.808201,31,1,0.000,0.000,128.468,IDLE
1782278797.808269,33,1,0.000,0.000,128.468,IDLE
1782278797.808336,40,1,0.000,0.000,128.468,IDLE
1782278797.808403,42,1,0.000,0.000,128.468,IDLE
1782278797.808470,2,1,0.000,0.000,128.468,IDLE
1782278797.808539,20,1,0.000,0.000,128.468,IDLE
1782278797.906844,55,1,0.000,0.000,128.468,IDLE
1782278797.907016,3,1,0.000,0.000,128.468,IDLE
1782278797.907109,1,1,0.000,0.000,128.468,IDLE
1782278797.907186,43,1,0.000,0.000,128.468,IDLE
1782278797.907258,53,1,0.000,0.000,128.468,IDLE
1782278797.907327,4,1,0.000,0.000,128.468,IDLE
1782278797.907398,18,1,0.000,0.000,128.468,IDLE
1782278797.907468,21,1,0.000,0.000,128.468,IDLE
1782278797.907552,32,1,0.000,0.000,128.468,IDLE
1782278797.907623,57,1,0.000,0.000,128.468,IDLE
1782278797.907691,34,1,0.000,0.000,128.468,IDLE
1782278797.907758,50,1,0.000,0.000,128.468,IDLE
1782278797.907825,54,1,0.000,0.000,128.468,IDLE
1782278797.907891,56,1,0.000,0.000,128.468,IDLE
1782278797.907959,41,1,0.000,0.000,128.468,IDLE
1782278797.908027,52,1,0.000,0.000,128.468,IDLE
1782278797.908095,51,1,0.000,0.000,128.468,IDLE
1782278797.908163,19,1,0.000,0.000,128.468,IDLE
1782278797.908230,31,1,0.000,0.000,128.468,IDLE
1782278797.908298,33,1,0.000,0.000,128.468,IDLE
1782278797.908364,40,1,0.000,0.000,128.468,IDLE
1782278797.908430,42,1,0.000,0.000,128.468,IDLE
1782278797.908498,2,1,0.000,0.000,128.468,IDLE
1782278797.908582,20,1,0.000,0.000,128.468,IDLE
1782278798.006788,55,1,0.000,0.000,128.468,IDLE
1782278798.006964,3,1,0.000,0.000,128.468,IDLE
1782278798.007058,1,1,0.000,0.000,128.468,IDLE
1782278798.007135,43,1,0.000,0.000,128.468,IDLE
1782278798.007206,53,1,0.000,0.000,128.468,IDLE
1782278798.007276,4,1,0.000,0.000,128.468,IDLE
1782278798.007346,18,1,0.000,0.000,128.468,IDLE
1782278798.007415,21,1,0.000,0.000,128.468,IDLE
1782278798.007484,32,1,0.000,0.000,128.468,IDLE
1782278798.007553,57,1,0.000,0.000,128.468,IDLE
1782278798.007621,34,1,0.000,0.000,128.468,IDLE
1782278798.007689,50,1,0.000,0.000,128.468,IDLE
1782278798.007758,54,1,0.000,0.000,128.468,IDLE
1782278798.007826,56,1,0.000,0.000,128.468,IDLE
1782278798.007895,41,1,0.000,0.000,128.468,IDLE
1782278798.007963,52,1,0.000,0.000,128.468,IDLE
1782278798.008032,51,1,0.000,0.000,128.468,IDLE
1782278798.008101,19,1,0.000,0.000,128.468,IDLE
1782278798.008171,31,1,0.000,0.000,128.468,IDLE
1782278798.008239,33,1,0.000,0.000,128.468,IDLE
1782278798.008307,40,1,0.000,0.000,128.468,IDLE
1782278798.008376,42,1,0.000,0.000,128.468,IDLE
1782278798.008443,2,1,0.000,0.000,128.468,IDLE
1782278798.008512,20,1,0.000,0.000,128.468,IDLE
1782278798.106838,55,1,0.000,0.000,128.468,IDLE
1782278798.107009,3,1,0.000,0.000,128.468,IDLE
1782278798.107102,1,1,0.000,0.000,128.468,IDLE
1782278798.107179,43,1,0.000,0.000,128.468,IDLE
1782278798.107250,53,1,0.000,0.000,128.468,IDLE
1782278798.107320,4,1,0.000,0.000,128.468,IDLE
1782278798.107390,18,1,0.000,0.000,128.468,IDLE
1782278798.107459,21,1,0.000,0.000,128.468,IDLE
1782278798.107529,32,1,0.000,0.000,128.468,IDLE
1782278798.107598,57,1,0.000,0.000,128.468,IDLE
1782278798.107682,34,1,0.000,0.000,128.468,IDLE
1782278798.107754,50,1,0.000,0.000,128.468,IDLE
1782278798.107823,54,1,0.000,0.000,128.468,IDLE
1782278798.107891,56,1,0.000,0.000,128.468,IDLE
1782278798.107958,41,1,0.000,0.000,128.468,IDLE
1782278798.108026,52,1,0.000,0.000,128.468,IDLE
1782278798.108094,51,1,0.000,0.000,128.468,IDLE
1782278798.108160,19,1,0.000,0.000,128.468,IDLE
1782278798.108228,31,1,0.000,0.000,128.468,IDLE
1782278798.108295,33,1,0.000,0.000,128.468,IDLE
1782278798.108362,40,1,0.000,0.000,128.468,IDLE
1782278798.108428,42,1,0.000,0.000,128.468,IDLE
1782278798.108495,2,1,0.000,0.000,128.468,IDLE
1782278798.108563,20,1,0.000,0.000,128.468,IDLE
1782278798.206845,55,1,0.000,0.000,128.468,IDLE
1782278798.207017,3,1,0.000,0.000,128.468,IDLE
1782278798.207112,1,1,0.000,0.000,128.468,IDLE
1782278798.207188,43,1,0.000,0.000,128.468,IDLE
1782278798.207257,53,1,0.000,0.000,128.468,IDLE
1782278798.207325,4,1,0.000,0.000,128.468,IDLE
1782278798.207393,18,1,0.000,0.000,128.468,IDLE
1782278798.207460,21,1,0.000,0.000,128.468,IDLE
1782278798.207529,32,1,0.000,0.000,128.468,IDLE
1782278798.207594,57,1,0.000,0.000,128.468,IDLE
1782278798.207661,34,1,0.000,0.000,128.468,IDLE
1782278798.207726,50,1,0.000,0.000,128.468,IDLE
1782278798.207793,54,1,0.000,0.000,128.468,IDLE
1782278798.207861,56,1,0.000,0.000,128.468,IDLE
1782278798.207928,41,1,0.000,0.000,128.468,IDLE
1782278798.207994,52,1,0.000,0.000,128.468,IDLE
1782278798.208060,51,1,0.000,0.000,128.468,IDLE
1782278798.208125,19,1,0.000,0.000,128.468,IDLE
1782278798.208192,31,1,0.000,0.000,128.468,IDLE
1782278798.208257,33,1,0.000,0.000,128.468,IDLE
1782278798.208322,40,1,0.000,0.000,128.468,IDLE
1782278798.208387,42,1,0.000,0.000,128.468,IDLE
1782278798.208452,2,1,0.000,0.000,128.468,IDLE
1782278798.208517,20,1,0.000,0.000,128.468,IDLE
1782278798.306788,55,1,0.000,0.000,128.468,IDLE
1782278798.306968,3,1,0.000,0.000,128.468,IDLE
1782278798.307064,1,1,0.000,0.000,128.468,IDLE
1782278798.307141,43,1,0.000,0.000,128.468,IDLE
1782278798.307212,53,1,0.000,0.000,128.468,IDLE
1782278798.307280,4,1,0.000,0.000,128.468,IDLE
1782278798.307349,18,1,0.000,0.000,128.468,IDLE
1782278798.307417,21,1,0.000,0.000,128.468,IDLE
1782278798.307487,32,1,0.000,0.000,128.468,IDLE
1782278798.307554,57,1,0.000,0.000,128.468,IDLE
1782278798.307640,34,1,0.000,0.000,128.468,IDLE
1782278798.307714,50,1,0.000,0.000,128.468,IDLE
1782278798.307806,54,1,0.000,0.000,128.468,IDLE
1782278798.307877,56,1,0.000,0.000,128.468,IDLE
1782278798.307945,41,1,0.000,0.000,128.468,IDLE
1782278798.308013,52,1,0.000,0.000,128.468,IDLE
1782278798.308081,51,1,0.000,0.000,128.468,IDLE
1782278798.308148,19,1,0.000,0.000,128.468,IDLE
1782278798.308216,31,1,0.000,0.000,128.468,IDLE
1782278798.308284,33,1,0.000,0.000,128.468,IDLE
1782278798.308350,40,1,0.000,0.000,128.468,IDLE
1782278798.308417,42,1,0.000,0.000,128.468,IDLE
1782278798.308483,2,1,0.000,0.000,128.468,IDLE
1782278798.308549,20,1,0.000,0.000,128.468,IDLE
1782278798.406838,55,1,0.000,0.000,128.468,IDLE
1782278798.407020,3,1,0.000,0.000,128.468,IDLE
1782278798.407113,1,1,0.000,0.000,128.468,IDLE
1782278798.407187,43,1,0.000,0.000,128.468,IDLE
1782278798.407257,53,1,0.000,0.000,128.468,IDLE
1782278798.407326,4,1,0.000,0.000,128.468,IDLE
1782278798.407394,18,1,0.000,0.000,128.468,IDLE
1782278798.407462,21,1,0.000,0.000,128.468,IDLE
1782278798.407531,32,1,0.000,0.000,128.468,IDLE
1782278798.407599,57,1,0.000,0.000,128.468,IDLE
1782278798.407667,34,1,0.000,0.000,128.468,IDLE
1782278798.407734,50,1,0.000,0.000,128.468,IDLE
1782278798.407801,54,1,0.000,0.000,128.468,IDLE
1782278798.407868,56,1,0.000,0.000,128.468,IDLE
1782278798.407937,41,1,0.000,0.000,128.468,IDLE
1782278798.408004,52,1,0.000,0.000,128.468,IDLE
1782278798.408072,51,1,0.000,0.000,128.468,IDLE
1782278798.408139,19,1,0.000,0.000,128.468,IDLE
1782278798.408207,31,1,0.000,0.000,128.468,IDLE
1782278798.408274,33,1,0.000,0.000,128.468,IDLE
1782278798.408342,40,1,0.000,0.000,128.468,IDLE
1782278798.408409,42,1,0.000,0.000,128.468,IDLE
1782278798.408478,2,1,0.000,0.000,128.468,IDLE
1782278798.408545,20,1,0.000,0.000,128.468,IDLE
1782278798.506796,55,1,0.000,0.000,128.468,IDLE
1782278798.506971,3,1,0.000,0.000,128.468,IDLE
1782278798.507068,1,1,0.000,0.000,128.468,IDLE
1782278798.507143,43,1,0.000,0.000,128.468,IDLE
1782278798.507213,53,1,0.000,0.000,128.468,IDLE
1782278798.507280,4,1,0.000,0.000,128.468,IDLE
1782278798.507348,18,1,0.000,0.000,128.468,IDLE
1782278798.507418,21,1,0.000,0.000,128.468,IDLE
1782278798.507485,32,1,0.000,0.000,128.468,IDLE
1782278798.507552,57,1,0.000,0.000,128.468,IDLE
1782278798.507619,34,1,0.000,0.000,128.468,IDLE
1782278798.507686,50,1,0.000,0.000,128.468,IDLE
1782278798.507752,54,1,0.000,0.000,128.468,IDLE
1782278798.507819,56,1,0.000,0.000,128.468,IDLE
1782278798.507902,41,1,0.000,0.000,128.468,IDLE
1782278798.507975,52,1,0.000,0.000,128.468,IDLE
1782278798.508044,51,1,0.000,0.000,128.468,IDLE
1782278798.508111,19,1,0.000,0.000,128.468,IDLE
1782278798.508179,31,1,0.000,0.000,128.468,IDLE
1782278798.508247,33,1,0.000,0.000,128.468,IDLE
1782278798.508314,40,1,0.000,0.000,128.468,IDLE
1782278798.508382,42,1,0.000,0.000,128.468,IDLE
1782278798.508449,2,1,0.000,0.000,128.468,IDLE
1782278798.508516,20,1,0.000,0.000,128.468,IDLE
1782278798.606856,55,1,0.000,0.000,128.468,IDLE
1782278798.607242,3,1,0.000,0.000,128.468,IDLE
1782278798.607351,1,1,0.000,0.000,128.468,IDLE
1782278798.607426,43,1,0.000,0.000,128.468,IDLE
1782278798.607495,53,1,0.000,0.000,128.468,IDLE
1782278798.607562,4,1,0.000,0.000,128.468,IDLE
1782278798.607628,18,1,0.000,0.000,128.468,IDLE
1782278798.607696,21,1,0.000,0.000,128.468,IDLE
1782278798.607762,32,1,0.000,0.000,128.468,IDLE
1782278798.607828,57,1,0.000,0.000,128.468,IDLE
1782278798.607894,34,1,0.000,0.000,128.468,IDLE
1782278798.607960,50,1,0.000,0.000,128.468,IDLE
1782278798.608026,54,1,0.000,0.000,128.468,IDLE
1782278798.608092,56,1,0.000,0.000,128.468,IDLE
1782278798.608159,41,1,0.000,0.000,128.468,IDLE
1782278798.608225,52,1,0.000,0.000,128.468,IDLE
1782278798.608290,51,1,0.000,0.000,128.468,IDLE
1782278798.608356,19,1,0.000,0.000,128.468,IDLE
1782278798.608423,31,1,0.000,0.000,128.468,IDLE
1782278798.608488,33,1,0.000,0.000,128.468,IDLE
1782278798.608553,40,1,0.000,0.000,128.468,IDLE
1782278798.608618,42,1,0.000,0.000,128.468,IDLE
1782278798.608711,2,1,0.000,0.000,128.468,IDLE
1782278798.608789,20,1,0.000,0.000,128.468,IDLE
1782278798.706853,55,1,0.000,0.000,128.468,IDLE
1782278798.707029,3,1,0.000,0.000,128.468,IDLE
1782278798.707125,1,1,0.000,0.000,128.468,IDLE
1782278798.707201,43,1,0.000,0.000,128.468,IDLE
1782278798.707273,53,1,0.000,0.000,128.468,IDLE
1782278798.707341,4,1,0.000,0.000,128.468,IDLE
1782278798.707543,18,1,0.000,0.000,128.468,IDLE
1782278798.707647,21,1,0.000,0.000,128.468,IDLE
1782278798.707718,32,1,0.000,0.000,128.468,IDLE
1782278798.707785,57,1,0.000,0.000,128.468,IDLE
1782278798.707851,34,1,0.000,0.000,128.468,IDLE
1782278798.707916,50,1,0.000,0.000,128.468,IDLE
1782278798.707982,54,1,0.000,0.000,128.468,IDLE
1782278798.708047,56,1,0.000,0.000,128.468,IDLE
1782278798.708112,41,1,0.000,0.000,128.468,IDLE
1782278798.708178,52,1,0.000,0.000,128.468,IDLE
1782278798.708259,51,1,0.000,0.000,128.468,IDLE
1782278798.708329,19,1,0.000,0.000,128.468,IDLE
1782278798.708395,31,1,0.000,0.000,128.468,IDLE
1782278798.708461,33,1,0.000,0.000,128.468,IDLE
1782278798.708526,40,1,0.000,0.000,128.468,IDLE
1782278798.708591,42,1,0.000,0.000,128.468,IDLE
1782278798.708656,2,1,0.000,0.000,128.468,IDLE
1782278798.708735,20,1,0.000,0.000,128.468,IDLE
1782278798.806849,55,1,0.000,0.000,128.468,IDLE
1782278798.807020,3,1,0.000,0.000,128.468,IDLE
1782278798.807115,1,1,0.000,0.000,128.468,IDLE
1782278798.807190,43,1,0.000,0.000,128.468,IDLE
1782278798.807260,53,1,0.000,0.000,128.468,IDLE
1782278798.807328,4,1,0.000,0.000,128.468,IDLE
1782278798.807396,18,1,0.000,0.000,128.468,IDLE
1782278798.807465,21,1,0.000,0.000,128.468,IDLE
1782278798.807532,32,1,0.000,0.000,128.468,IDLE
1782278798.807601,57,1,0.000,0.000,128.468,IDLE
1782278798.807669,34,1,0.000,0.000,128.468,IDLE
1782278798.807737,50,1,0.000,0.000,128.468,IDLE
1782278798.807955,54,1,0.000,0.000,128.468,IDLE
1782278798.808043,56,1,0.000,0.000,128.468,IDLE
1782278798.808112,41,1,0.000,0.000,128.468,IDLE
1782278798.808181,52,1,0.000,0.000,128.468,IDLE
1782278798.808247,51,1,0.000,0.000,128.468,IDLE
1782278798.808315,19,1,0.000,0.000,128.468,IDLE
1782278798.808381,31,1,0.000,0.000,128.468,IDLE
1782278798.808447,33,1,0.000,0.000,128.468,IDLE
1782278798.808514,40,1,0.000,0.000,128.468,ATTACKING
1782278798.808580,42,1,0.000,0.000,128.468,ATTACKING
1782278798.808647,2,1,0.000,0.000,128.468,ATTACKING
1782278798.808726,20,1,0.000,0.000,128.468,ATTACKING
1782278798.906840,55,1,0.000,0.000,128.468,IDLE
1782278798.907014,3,1,0.000,0.000,128.468,IDLE
1782278798.907111,1,1,0.000,0.000,128.468,IDLE
1782278798.907186,43,1,0.000,0.000,128.468,IDLE
1782278798.907255,53,1,0.000,0.000,128.468,IDLE
1782278798.907324,4,1,0.000,0.000,128.468,IDLE
1782278798.907392,18,1,0.000,0.000,128.468,IDLE
1782278798.907461,21,1,0.000,0.000,128.468,IDLE
1782278798.907529,32,1,0.000,0.000,128.468,IDLE
1782278798.907597,57,1,0.000,0.000,128.468,IDLE
1782278798.907665,34,1,0.000,0.000,128.468,IDLE
1782278798.907732,50,1,0.000,0.000,128.468,IDLE
1782278798.907799,54,1,0.000,0.000,128.468,IDLE
1782278798.907866,56,1,0.000,0.000,128.468,IDLE
1782278798.907933,41,1,0.000,0.000,128.468,IDLE
1782278798.908000,52,1,0.000,0.000,128.468,IDLE
1782278798.908068,51,1,0.000,0.000,128.468,IDLE
1782278798.908138,19,1,0.000,0.000,128.468,IDLE
1782278798.908383,31,1,0.000,0.000,128.468,IDLE
1782278798.908459,33,1,0.000,0.000,128.468,IDLE
1782278798.908526,40,1,0.000,0.000,128.468,ATTACKING
1782278798.908592,42,1,0.000,0.000,128.468,ATTACKING
1782278798.908657,2,1,0.000,0.000,128.468,ATTACKING
1782278798.908737,20,1,0.000,0.000,128.468,ATTACKING
1782278799.006848,55,1,0.000,0.000,128.468,IDLE
1782278799.007029,3,1,0.000,0.000,128.468,IDLE
1782278799.007127,1,1,0.000,0.000,128.468,IDLE
1782278799.007204,43,1,0.000,0.000,128.468,IDLE
1782278799.007276,53,1,0.000,0.000,128.468,IDLE
1782278799.007345,4,1,0.000,0.000,128.468,IDLE
1782278799.007413,18,1,0.000,0.000,128.468,IDLE
1782278799.007481,21,1,0.000,0.000,128.468,IDLE
1782278799.007548,32,1,0.000,0.000,128.468,IDLE
1782278799.007636,57,1,0.000,0.000,128.468,IDLE
1782278799.007711,34,1,0.000,0.000,128.468,IDLE
1782278799.007780,50,1,0.000,0.000,128.468,IDLE
1782278799.007849,54,1,0.000,0.000,128.468,IDLE
1782278799.007918,56,1,0.000,0.000,128.468,IDLE
1782278799.007986,41,1,0.000,0.000,128.468,IDLE
1782278799.008054,52,1,0.000,0.000,128.468,IDLE
1782278799.008121,51,1,0.000,0.000,128.468,IDLE
1782278799.008190,19,1,0.000,0.000,128.468,IDLE
1782278799.008257,31,1,0.000,0.000,128.468,IDLE
1782278799.008325,33,1,0.000,0.000,128.468,IDLE
1782278799.008391,40,1,0.000,0.000,128.468,ATTACKING
1782278799.008459,42,1,0.000,0.000,128.468,ATTACKING
1782278799.008526,2,1,0.000,0.000,128.468,ATTACKING
1782278799.008739,20,1,0.000,0.000,128.468,ATTACKING
1782278799.106848,55,1,0.000,0.000,128.468,IDLE
1782278799.107022,3,1,0.000,0.000,128.468,IDLE
1782278799.107117,1,1,0.000,0.000,128.468,IDLE
1782278799.107194,43,1,0.000,0.000,128.468,IDLE
1782278799.107265,53,1,0.000,0.000,128.468,IDLE
1782278799.107333,4,1,0.000,0.000,128.468,IDLE
1782278799.107401,18,1,0.000,0.000,128.468,IDLE
1782278799.107472,21,1,0.000,0.000,128.468,IDLE
1782278799.107540,32,1,0.000,0.000,128.468,IDLE
1782278799.107608,57,1,0.000,0.000,128.468,IDLE
1782278799.107677,34,1,0.000,0.000,128.468,IDLE
1782278799.107744,50,1,0.000,0.000,128.468,IDLE
1782278799.107812,54,1,0.000,0.000,128.468,IDLE
1782278799.107880,56,1,0.000,0.000,128.468,IDLE
1782278799.107947,41,1,0.000,0.000,128.468,IDLE
1782278799.108017,52,1,0.000,0.000,128.468,IDLE
1782278799.108087,51,1,0.000,0.000,128.468,IDLE
1782278799.108158,19,1,0.000,0.000,128.468,IDLE
1782278799.108227,31,1,0.000,0.000,128.468,IDLE
1782278799.108297,33,1,0.000,0.000,128.468,IDLE
1782278799.108381,40,1,0.000,0.000,128.468,ATTACKING
1782278799.108455,42,1,0.000,0.000,128.468,ATTACKING
1782278799.108523,2,1,0.000,0.000,128.468,ATTACKING
1782278799.108592,20,1,0.000,0.000,128.468,ATTACKING
1782278799.206856,55,1,0.000,0.000,128.468,IDLE
1782278799.207029,3,1,0.000,0.000,128.468,IDLE
1782278799.207122,1,1,0.000,0.000,128.468,IDLE
1782278799.207197,43,1,0.000,0.000,128.468,IDLE
1782278799.207268,53,1,0.000,0.000,128.468,IDLE
1782278799.207337,4,1,0.000,0.000,128.468,IDLE
1782278799.207407,18,1,0.000,0.000,128.468,IDLE
1782278799.207475,21,1,0.000,0.000,128.468,IDLE
1782278799.207544,32,1,0.000,0.000,128.468,IDLE
1782278799.207613,57,1,0.000,0.000,128.468,IDLE
1782278799.207681,34,1,0.000,0.000,128.468,IDLE
1782278799.207750,50,1,0.000,0.000,128.468,IDLE
1782278799.207818,54,1,0.000,0.000,128.468,IDLE
1782278799.207886,56,1,0.000,0.000,128.468,IDLE
1782278799.207955,41,1,0.000,0.000,128.468,IDLE
1782278799.208023,52,1,0.000,0.000,128.468,IDLE
1782278799.208090,51,1,0.000,0.000,128.468,IDLE
1782278799.208158,19,1,0.000,0.000,128.468,IDLE
1782278799.208225,31,1,0.000,0.000,128.468,IDLE
1782278799.208292,33,1,0.000,0.000,128.468,IDLE
1782278799.208358,40,1,0.000,0.000,128.468,ATTACKING
1782278799.208424,42,1,0.000,0.000,128.468,ATTACKING
1782278799.208491,2,1,0.000,0.000,128.468,ATTACKING
1782278799.208558,20,1,0.000,0.000,128.468,ATTACKING
1782278799.306841,55,1,0.000,0.000,128.468,IDLE
1782278799.307018,3,1,0.000,0.000,128.468,IDLE
1782278799.307112,1,1,0.000,0.000,128.468,IDLE
1782278799.307188,43,1,0.000,0.000,128.468,IDLE
1782278799.307259,53,1,0.000,0.000,128.468,IDLE
1782278799.307327,4,1,0.000,0.000,128.468,IDLE
1782278799.307394,18,1,0.000,0.000,128.468,IDLE
1782278799.307460,21,1,0.000,0.000,128.468,IDLE
1782278799.307528,32,1,0.000,0.000,128.468,IDLE
1782278799.307595,57,1,0.000,0.000,128.468,IDLE
1782278799.307662,34,1,0.000,0.000,128.468,IDLE
1782278799.307729,50,1,0.000,0.000,128.468,IDLE
1782278799.307796,54,1,0.000,0.000,128.468,IDLE
1782278799.307862,56,1,0.000,0.000,128.468,IDLE
1782278799.307929,41,1,0.000,0.000,128.468,IDLE
1782278799.307995,52,1,0.000,0.000,128.468,IDLE
1782278799.308062,51,1,0.000,0.000,128.468,IDLE
1782278799.308129,19,1,0.000,0.000,128.468,IDLE
1782278799.308196,31,1,0.000,0.000,128.468,IDLE
1782278799.308262,33,1,0.000,0.000,128.468,IDLE
1782278799.308346,40,1,0.000,0.000,128.468,ATTACKING
1782278799.308421,42,1,0.000,0.000,128.468,ATTACKING
1782278799.308503,2,1,0.000,0.000,128.468,ATTACKING
1782278799.308573,20,1,0.000,0.000,128.468,ATTACKING
1782278799.406849,55,1,0.000,0.000,128.468,IDLE
1782278799.407027,3,1,0.000,0.000,128.468,IDLE
1782278799.407119,1,1,0.000,0.000,128.468,IDLE
1782278799.407193,43,1,0.000,0.000,128.468,IDLE
1782278799.407261,53,1,0.000,0.000,128.468,IDLE
1782278799.407328,4,1,0.000,0.000,128.468,IDLE
1782278799.407394,18,1,0.000,0.000,128.468,IDLE
1782278799.407462,21,1,0.000,0.000,128.468,IDLE
1782278799.407529,32,1,0.000,0.000,128.468,IDLE
1782278799.407597,57,1,0.000,0.000,128.468,IDLE
1782278799.407666,34,1,0.000,0.000,128.468,IDLE
1782278799.407734,50,1,0.000,0.000,128.468,IDLE
1782278799.407801,54,1,0.000,0.000,128.468,IDLE
1782278799.407867,56,1,0.000,0.000,128.468,IDLE
1782278799.407933,41,1,0.000,0.000,128.468,IDLE
1782278799.407999,52,1,0.000,0.000,128.468,IDLE
1782278799.408065,51,1,0.000,0.000,128.468,IDLE
1782278799.408134,19,1,0.000,0.000,128.468,IDLE
1782278799.408202,31,1,0.000,0.000,128.468,IDLE
1782278799.408267,33,1,0.000,0.000,128.468,IDLE
1782278799.408333,40,1,0.000,0.000,128.468,ATTACKING
1782278799.408401,42,1,0.000,0.000,128.468,ATTACKING
1782278799.408466,2,1,0.000,0.000,128.468,ATTACKING
1782278799.408531,20,1,0.000,0.000,128.468,ATTACKING
1782278799.506844,55,1,0.000,0.000,128.468,IDLE
1782278799.507020,3,1,0.000,0.000,128.468,IDLE
1782278799.507113,1,1,0.000,0.000,128.468,IDLE
1782278799.507188,43,1,0.000,0.000,128.468,IDLE
1782278799.507259,53,1,0.000,0.000,128.468,IDLE
1782278799.507327,4,1,0.000,0.000,128.468,IDLE
1782278799.507395,18,1,0.000,0.000,128.468,IDLE
1782278799.507462,21,1,0.000,0.000,128.468,IDLE
1782278799.507530,32,1,0.000,0.000,128.468,IDLE
1782278799.507597,57,1,0.000,0.000,128.468,IDLE
1782278799.507665,34,1,0.000,0.000,128.468,IDLE
1782278799.507731,50,1,0.000,0.000,128.468,IDLE
1782278799.507798,54,1,0.000,0.000,128.468,IDLE
1782278799.507864,56,1,0.000,0.000,128.468,IDLE
1782278799.507931,41,1,0.000,0.000,128.468,IDLE
1782278799.507997,52,1,0.000,0.000,128.468,IDLE
1782278799.508064,51,1,0.000,0.000,128.468,IDLE
1782278799.508131,19,1,0.000,0.000,128.468,IDLE
1782278799.508199,31,1,0.000,0.000,128.468,IDLE
1782278799.508266,33,1,0.000,0.000,128.468,IDLE
1782278799.508332,40,1,0.000,0.000,128.468,ATTACKING
1782278799.508399,42,1,0.000,0.000,128.468,ATTACKING
1782278799.508466,2,1,0.000,0.000,128.468,ATTACKING
1782278799.508533,20,1,0.000,0.000,128.468,ATTACKING
1782278799.606849,55,1,0.000,0.000,128.468,IDLE
1782278799.607026,3,1,0.000,0.000,128.468,IDLE
1782278799.607121,1,1,0.000,0.000,128.468,IDLE
1782278799.607196,43,1,0.000,0.000,128.468,IDLE
1782278799.607268,53,1,0.000,0.000,128.468,IDLE
1782278799.607337,4,1,0.000,0.000,128.468,IDLE
1782278799.607406,18,1,0.000,0.000,128.468,IDLE
1782278799.607474,21,1,0.000,0.000,128.468,IDLE
1782278799.607542,32,1,0.000,0.000,128.468,IDLE
1782278799.607610,57,1,0.000,0.000,128.468,IDLE
1782278799.607678,34,1,0.000,0.000,128.468,IDLE
1782278799.607745,50,1,0.000,0.000,128.468,IDLE
1782278799.607812,54,1,0.000,0.000,128.468,IDLE
1782278799.607878,56,1,0.000,0.000,128.468,IDLE
1782278799.607946,41,1,0.000,0.000,128.468,IDLE
1782278799.608014,52,1,0.000,0.000,128.468,IDLE
1782278799.608081,51,1,0.000,0.000,128.468,IDLE
1782278799.608150,19,1,0.000,0.000,128.468,IDLE
1782278799.608217,31,1,0.000,0.000,128.468,IDLE
1782278799.608284,33,1,0.000,0.000,128.468,IDLE
1782278799.608350,40,1,0.000,0.000,128.468,ATTACKING
1782278799.608417,42,1,0.000,0.000,128.468,ATTACKING
1782278799.608484,2,1,0.000,0.000,128.468,ATTACKING
1782278799.608550,20,1,0.000,0.000,128.468,ATTACKING
1782278799.706882,55,1,0.000,0.000,128.468,IDLE
1782278799.707059,3,1,0.000,0.000,128.468,IDLE
1782278799.707154,1,1,0.000,0.000,128.468,IDLE
1782278799.707228,43,1,0.000,0.000,128.468,IDLE
1782278799.707299,53,1,0.000,0.000,128.468,IDLE
1782278799.707368,4,1,0.000,0.000,128.468,IDLE
1782278799.707454,18,1,0.000,0.000,128.468,IDLE
1782278799.707530,21,1,0.000,0.000,128.468,IDLE
1782278799.707599,32,1,0.000,0.000,128.468,IDLE
1782278799.707666,57,1,0.000,0.000,128.468,IDLE
1782278799.707734,34,1,0.000,0.000,128.468,IDLE
1782278799.707801,50,1,0.000,0.000,128.468,IDLE
1782278799.707867,54,1,0.000,0.000,128.468,IDLE
1782278799.707934,56,1,0.000,0.000,128.468,IDLE
1782278799.708000,41,1,0.000,0.000,128.468,IDLE
1782278799.708067,52,1,0.000,0.000,128.468,IDLE
1782278799.708136,51,1,0.000,0.000,128.468,IDLE
1782278799.708204,19,1,0.000,0.000,128.468,IDLE
1782278799.708271,31,1,0.000,0.000,128.468,IDLE
1782278799.708338,33,1,0.000,0.000,128.468,IDLE
1782278799.708405,40,1,0.000,0.000,128.468,ATTACKING
1782278799.708472,42,1,0.000,0.000,128.468,ATTACKING
1782278799.708539,2,1,0.000,0.000,128.468,ATTACKING
1782278799.708606,20,1,0.000,0.000,128.468,ATTACKING
1782278799.806853,55,1,0.000,0.000,128.468,IDLE
1782278799.807029,3,1,0.000,0.000,128.468,IDLE
1782278799.807138,1,1,0.000,0.000,128.468,IDLE
1782278799.807214,43,1,0.000,0.000,128.468,IDLE
1782278799.807286,53,1,0.000,0.000,128.468,IDLE
1782278799.807354,4,1,0.000,0.000,128.468,IDLE
1782278799.807421,18,1,0.000,0.000,128.468,IDLE
1782278799.807488,21,1,0.000,0.000,128.468,IDLE
1782278799.807556,32,1,0.000,0.000,128.468,IDLE
1782278799.807623,57,1,0.000,0.000,128.468,IDLE
1782278799.807690,34,1,0.000,0.000,128.468,IDLE
1782278799.807758,50,1,0.000,0.000,128.468,IDLE
1782278799.807825,54,1,0.000,0.000,128.468,IDLE
1782278799.807892,56,1,0.000,0.000,128.468,IDLE
1782278799.807959,41,1,0.000,0.000,128.468,IDLE
1782278799.808027,52,1,0.000,0.000,128.468,IDLE
1782278799.808095,51,1,0.000,0.000,128.468,IDLE
1782278799.808162,19,1,0.000,0.000,128.468,IDLE
1782278799.808229,31,1,0.000,0.000,128.468,IDLE
1782278799.808296,33,1,0.000,0.000,128.468,IDLE
1782278799.808362,40,1,0.000,0.000,128.468,ATTACKING
1782278799.808429,42,1,0.000,0.000,128.468,ATTACKING
1782278799.808497,2,1,0.000,0.000,128.468,ATTACKING
1782278799.808564,20,1,0.000,0.000,128.468,ATTACKING
1782278799.906850,55,1,0.000,0.000,128.468,IDLE
1782278799.907025,3,1,0.000,0.000,128.468,IDLE
1782278799.907120,1,1,0.000,0.000,128.468,IDLE
1782278799.907192,43,1,0.000,0.000,128.468,IDLE
1782278799.907263,53,1,0.000,0.000,128.468,IDLE
1782278799.907331,4,1,0.000,0.000,128.468,IDLE
1782278799.907398,18,1,0.000,0.000,128.468,IDLE
1782278799.907465,21,1,0.000,0.000,128.468,IDLE
1782278799.907532,32,1,0.000,0.000,128.468,IDLE
1782278799.907599,57,1,0.000,0.000,128.468,IDLE
1782278799.907666,34,1,0.000,0.000,128.468,IDLE
1782278799.907732,50,1,0.000,0.000,128.468,IDLE
1782278799.907798,54,1,0.000,0.000,128.468,IDLE
1782278799.907863,56,1,0.000,0.000,128.468,IDLE
1782278799.907929,41,1,0.000,0.000,128.468,IDLE
1782278799.907994,52,1,0.000,0.000,128.468,IDLE
1782278799.908062,51,1,0.000,0.000,128.468,IDLE
1782278799.908129,19,1,0.000,0.000,128.468,IDLE
1782278799.908195,31,1,0.000,0.000,128.468,IDLE
1782278799.908261,33,1,0.000,0.000,128.468,IDLE
1782278799.908327,40,1,0.000,0.000,128.468,ATTACKING
1782278799.908394,42,1,0.000,0.000,128.468,ATTACKING
1782278799.908460,2,1,0.000,0.000,128.468,ATTACKING
1782278799.908527,20,1,0.000,0.000,128.468,ATTACKING
1782278800.006847,55,1,0.000,0.000,128.468,IDLE
1782278800.007023,3,1,0.000,0.000,128.468,IDLE
1782278800.007118,1,1,0.000,0.000,128.468,IDLE
1782278800.007193,43,1,0.000,0.000,128.468,IDLE
1782278800.007281,53,1,0.000,0.000,128.468,IDLE
1782278800.007354,4,1,0.000,0.000,128.468,IDLE
1782278800.007422,18,1,0.000,0.000,128.468,IDLE
1782278800.007489,21,1,0.000,0.000,128.468,IDLE
1782278800.007557,32,1,0.000,0.000,128.468,IDLE
1782278800.007624,57,1,0.000,0.000,128.468,IDLE
1782278800.007692,34,1,0.000,0.000,128.468,IDLE
1782278800.007759,50,1,0.000,0.000,128.468,IDLE
1782278800.007826,54,1,0.000,0.000,128.468,IDLE
1782278800.007892,56,1,0.000,0.000,128.468,IDLE
1782278800.007960,41,1,0.000,0.000,128.468,IDLE
1782278800.008026,52,1,0.000,0.000,128.468,IDLE
1782278800.008095,51,1,0.000,0.000,128.468,IDLE
1782278800.008186,19,1,0.000,0.000,128.468,IDLE
1782278800.008260,31,1,0.000,0.000,128.468,IDLE
1782278800.008328,33,1,0.000,0.000,128.468,IDLE
1782278800.008395,40,1,0.000,0.000,128.468,ATTACKING
1782278800.008463,42,1,0.000,0.000,128.468,ATTACKING
1782278800.008529,2,1,0.000,0.000,128.468,ATTACKING
1782278800.008595,20,1,0.000,0.000,128.468,ATTACKING
1782278800.106850,55,1,0.000,0.000,128.468,IDLE
1782278800.107025,3,1,0.000,0.000,128.468,IDLE
1782278800.107119,1,1,0.000,0.000,128.468,IDLE
1782278800.107194,43,1,0.000,0.000,128.468,IDLE
1782278800.107268,53,1,0.000,0.000,128.468,IDLE
1782278800.107337,4,1,0.000,0.000,128.468,IDLE
1782278800.107406,18,1,0.000,0.000,128.468,IDLE
1782278800.107474,21,1,0.000,0.000,128.468,IDLE
1782278800.107540,32,1,0.000,0.000,128.468,IDLE
1782278800.107607,57,1,0.000,0.000,128.468,IDLE
1782278800.107673,34,1,0.000,0.000,128.468,IDLE
1782278800.107740,50,1,0.000,0.000,128.468,IDLE
1782278800.107806,54,1,0.000,0.000,128.468,IDLE
1782278800.107872,56,1,0.000,0.000,128.468,IDLE
1782278800.107938,41,1,0.000,0.000,128.468,IDLE
1782278800.108005,52,1,0.000,0.000,128.468,IDLE
1782278800.108075,51,1,0.000,0.000,128.468,IDLE
1782278800.108141,19,1,0.000,0.000,128.468,IDLE
1782278800.108208,31,1,0.000,0.000,128.468,IDLE
1782278800.108275,33,1,0.000,0.000,128.468,IDLE
1782278800.108341,40,1,0.000,0.000,128.468,ATTACKING
1782278800.108408,42,1,0.000,0.000,128.468,ATTACKING
1782278800.108475,2,1,0.000,0.000,128.468,ATTACKING
1782278800.108542,20,1,0.000,0.000,128.468,ATTACKING
1782278800.206817,55,1,0.000,0.000,128.468,IDLE
1782278800.206992,3,1,0.000,0.000,128.468,IDLE
1782278800.207084,1,1,0.000,0.000,128.468,IDLE
1782278800.207159,43,1,0.000,0.000,128.468,IDLE
1782278800.207230,53,1,0.000,0.000,128.468,IDLE
1782278800.207299,4,1,0.000,0.000,128.468,IDLE
1782278800.207383,18,1,0.000,0.000,128.468,IDLE
1782278800.207453,21,1,0.000,0.000,128.468,IDLE
1782278800.207522,32,1,0.000,0.000,128.468,IDLE
1782278800.207590,57,1,0.000,0.000,128.468,IDLE
1782278800.207659,34,1,0.000,0.000,128.468,IDLE
1782278800.207726,50,1,0.000,0.000,128.468,IDLE
1782278800.207794,54,1,0.000,0.000,128.468,IDLE
1782278800.207861,56,1,0.000,0.000,128.468,IDLE
1782278800.207929,41,1,0.000,0.000,128.468,IDLE
1782278800.207996,52,1,0.000,0.000,128.468,IDLE
1782278800.208065,51,1,0.000,0.000,128.468,IDLE
1782278800.208133,19,1,0.000,0.000,128.468,IDLE
1782278800.208200,31,1,0.000,0.000,128.468,IDLE
1782278800.208267,33,1,0.000,0.000,128.468,IDLE
1782278800.208333,40,1,0.000,0.000,128.468,ATTACKING
1782278800.208401,42,1,0.000,0.000,128.468,ATTACKING
1782278800.208467,2,1,0.000,0.000,128.468,ATTACKING
1782278800.208534,20,1,0.000,0.000,128.468,ATTACKING
1782278800.306848,55,1,0.000,0.000,128.468,IDLE
1782278800.307023,3,1,0.000,0.000,128.468,IDLE
1782278800.307115,1,1,0.000,0.000,128.468,IDLE
1782278800.307191,43,1,0.000,0.000,128.468,IDLE
1782278800.307260,53,1,0.000,0.000,128.468,IDLE
1782278800.307327,4,1,0.000,0.000,128.468,IDLE
1782278800.307394,18,1,0.000,0.000,128.468,IDLE
1782278800.307460,21,1,0.000,0.000,128.468,IDLE
1782278800.307526,32,1,0.000,0.000,128.468,IDLE
1782278800.307593,57,1,0.000,0.000,128.468,IDLE
1782278800.307660,34,1,0.000,0.000,128.468,IDLE
1782278800.307727,50,1,0.000,0.000,128.468,IDLE
1782278800.307794,54,1,0.000,0.000,128.468,IDLE
1782278800.307860,56,1,0.000,0.000,128.468,IDLE
1782278800.307926,41,1,0.000,0.000,128.468,IDLE
1782278800.307992,52,1,0.000,0.000,128.468,IDLE
1782278800.308061,51,1,0.000,0.000,128.468,IDLE
1782278800.308128,19,1,0.000,0.000,128.468,IDLE
1782278800.308195,31,1,0.000,0.000,128.468,IDLE
1782278800.308262,33,1,0.000,0.000,128.468,IDLE
1782278800.308328,40,1,0.000,0.000,128.468,ATTACKING
1782278800.308395,42,1,0.000,0.000,128.468,ATTACKING
1782278800.308462,2,1,0.000,0.000,128.468,ATTACKING
1782278800.308528,20,1,0.000,0.000,128.468,ATTACKING
1782278800.406959,55,1,0.000,0.000,128.468,IDLE
1782278800.407131,3,1,0.000,0.000,128.468,IDLE
1782278800.407227,1,1,0.000,0.000,128.468,IDLE
1782278800.407320,43,1,0.000,0.000,128.468,IDLE
1782278800.407396,53,1,0.000,0.000,128.468,IDLE
1782278800.407465,4,1,0.000,0.000,128.468,IDLE
1782278800.407532,18,1,0.000,0.000,128.468,IDLE
1782278800.407600,21,1,0.000,0.000,128.468,IDLE
1782278800.407679,32,1,0.000,0.000,128.468,IDLE
1782278800.407748,57,1,0.000,0.000,128.468,IDLE
1782278800.407815,34,1,0.000,0.000,128.468,IDLE
1782278800.407881,50,1,0.000,0.000,128.468,IDLE
1782278800.407948,54,1,0.000,0.000,128.468,IDLE
1782278800.408014,56,1,0.000,0.000,128.468,IDLE
1782278800.408080,41,1,0.000,0.000,128.468,IDLE
1782278800.408146,52,1,0.000,0.000,128.468,IDLE
1782278800.408211,51,1,0.000,0.000,128.468,IDLE
1782278800.408276,19,1,0.000,0.000,128.468,IDLE
1782278800.408340,31,1,0.000,0.000,128.468,IDLE
1782278800.408405,33,1,0.000,0.000,128.468,IDLE
1782278800.408469,40,1,0.000,0.000,128.468,ATTACKING
1782278800.408534,42,1,0.000,0.000,128.468,ATTACKING
1782278800.408599,2,1,0.000,0.000,128.468,ATTACKING
1782278800.408664,20,1,0.000,0.000,128.468,ATTACKING
1782278800.506837,55,1,0.000,0.000,128.468,IDLE
1782278800.507010,3,1,0.000,0.000,128.468,IDLE
1782278800.507105,1,1,0.000,0.000,128.468,IDLE
1782278800.507180,43,1,0.000,0.000,128.468,IDLE
1782278800.507254,53,1,0.000,0.000,128.468,IDLE
1782278800.507326,4,1,0.000,0.000,128.468,IDLE
1782278800.507395,18,1,0.000,0.000,128.468,IDLE
1782278800.507465,21,1,0.000,0.000,128.468,IDLE
1782278800.507534,32,1,0.000,0.000,128.468,IDLE
1782278800.507603,57,1,0.000,0.000,128.468,IDLE
1782278800.507673,34,1,0.000,0.000,128.468,IDLE
1782278800.507742,50,1,0.000,0.000,128.468,IDLE
1782278800.507811,54,1,0.000,0.000,128.468,IDLE
1782278800.507880,56,1,0.000,0.000,128.468,IDLE
1782278800.507949,41,1,0.000,0.000,128.468,IDLE
1782278800.508018,52,1,0.000,0.000,128.468,IDLE
1782278800.508087,51,1,0.000,0.000,128.468,IDLE
1782278800.508156,19,1,0.000,0.000,128.468,IDLE
1782278800.508223,31,1,0.000,0.000,128.468,IDLE
1782278800.508292,33,1,0.000,0.000,128.468,IDLE
1782278800.508360,40,1,0.000,0.000,128.468,ATTACKING
1782278800.508429,42,1,0.000,0.000,128.468,ATTACKING
1782278800.508496,2,1,0.000,0.000,128.468,ATTACKING
1782278800.508565,20,1,0.000,0.000,128.468,ATTACKING
1782278800.606838,55,1,0.000,0.000,128.468,IDLE
1782278800.607012,3,1,0.000,0.000,128.468,IDLE
1782278800.607104,1,1,0.000,0.000,128.468,IDLE
1782278800.607179,43,1,0.000,0.000,128.468,IDLE
1782278800.607249,53,1,0.000,0.000,128.468,IDLE
1782278800.607317,4,1,0.000,0.000,128.468,IDLE
1782278800.607385,18,1,0.000,0.000,128.468,IDLE
1782278800.607452,21,1,0.000,0.000,128.468,IDLE
1782278800.607519,32,1,0.000,0.000,128.468,IDLE
1782278800.607586,57,1,0.000,0.000,128.468,IDLE
1782278800.607670,34,1,0.000,0.000,128.468,IDLE
1782278800.607742,50,1,0.000,0.000,128.468,IDLE
1782278800.607810,54,1,0.000,0.000,128.468,IDLE
1782278800.607876,56,1,0.000,0.000,128.468,IDLE
1782278800.607942,41,1,0.000,0.000,128.468,IDLE
1782278800.608011,52,1,0.000,0.000,128.468,IDLE
1782278800.608078,51,1,0.000,0.000,128.468,IDLE
1782278800.608146,19,1,0.000,0.000,128.468,IDLE
1782278800.608213,31,1,0.000,0.000,128.468,IDLE
1782278800.608281,33,1,0.000,0.000,128.468,IDLE
1782278800.608349,40,1,0.000,0.000,128.468,ATTACKING
1782278800.608417,42,1,0.000,0.000,128.468,ATTACKING
1782278800.608483,2,1,0.000,0.000,128.468,ATTACKING
1782278800.608550,20,1,0.000,0.000,128.468,ATTACKING
1782278800.706788,55,1,0.000,0.000,128.468,IDLE
1782278800.706961,3,1,0.000,0.000,128.468,IDLE
1782278800.707054,1,1,0.000,0.000,128.468,IDLE
1782278800.707131,43,1,0.000,0.000,128.468,IDLE
1782278800.707203,53,1,0.000,0.000,128.468,IDLE
1782278800.707274,4,1,0.000,0.000,128.468,IDLE
1782278800.707343,18,1,0.000,0.000,128.468,IDLE
1782278800.707499,21,1,0.000,0.000,128.468,IDLE
1782278800.707580,32,1,0.000,0.000,128.468,IDLE
1782278800.707647,57,1,0.000,0.000,128.468,IDLE
1782278800.707715,34,1,0.000,0.000,128.468,IDLE
1782278800.707782,50,1,0.000,0.000,128.468,IDLE
1782278800.707849,54,1,0.000,0.000,128.468,IDLE
1782278800.707914,56,1,0.000,0.000,128.468,IDLE
1782278800.708000,41,1,0.000,0.000,128.468,IDLE
1782278800.708075,52,1,0.000,0.000,128.468,IDLE
1782278800.708142,51,1,0.000,0.000,128.468,IDLE
1782278800.708209,19,1,0.000,0.000,128.468,IDLE
1782278800.708276,31,1,0.000,0.000,128.468,IDLE
1782278800.708342,33,1,0.000,0.000,128.468,IDLE
1782278800.708408,40,1,0.000,0.000,128.468,ATTACKING
1782278800.708474,42,1,0.000,0.000,128.468,ATTACKING
1782278800.708540,2,1,0.000,0.000,128.468,ATTACKING
1782278800.708606,20,1,0.000,0.000,128.468,ATTACKING
1782278800.806838,55,1,0.000,0.000,128.468,IDLE
1782278800.807008,3,1,0.000,0.000,128.468,IDLE
1782278800.807101,1,1,0.000,0.000,128.468,IDLE
1782278800.807176,43,1,0.000,0.000,128.468,IDLE
1782278800.807247,53,1,0.000,0.000,128.468,IDLE
1782278800.807317,4,1,0.000,0.000,128.468,IDLE
1782278800.807385,18,1,0.000,0.000,128.468,IDLE
1782278800.807452,21,1,0.000,0.000,128.468,IDLE
1782278800.807520,32,1,0.000,0.000,128.468,IDLE
1782278800.807588,57,1,0.000,0.000,128.468,IDLE
1782278800.807655,34,1,0.000,0.000,128.468,IDLE
1782278800.807724,50,1,0.000,0.000,128.468,IDLE
1782278800.807807,54,1,0.000,0.000,128.468,IDLE
1782278800.807878,56,1,0.000,0.000,128.468,IDLE
1782278800.807946,41,1,0.000,0.000,128.468,IDLE
1782278800.808016,52,1,0.000,0.000,128.468,IDLE
1782278800.808084,51,1,0.000,0.000,128.468,IDLE
1782278800.808151,19,1,0.000,0.000,128.468,IDLE
1782278800.808218,31,1,0.000,0.000,128.468,IDLE
1782278800.808286,33,1,0.000,0.000,128.468,IDLE
1782278800.808352,40,1,0.000,0.000,128.468,ATTACKING
1782278800.808420,42,1,0.000,0.000,128.468,ATTACKING
1782278800.808487,2,1,0.000,0.000,128.468,ATTACKING
1782278800.808554,20,1,0.000,0.000,128.468,ATTACKING
1782278800.906838,55,1,0.000,0.000,128.468,IDLE
1782278800.907011,3,1,0.000,0.000,128.468,IDLE
1782278800.907102,1,1,0.000,0.000,128.468,IDLE
1782278800.907178,43,1,0.000,0.000,128.468,IDLE
1782278800.907249,53,1,0.000,0.000,128.468,IDLE
1782278800.907319,4,1,0.000,0.000,128.468,IDLE
1782278800.907387,18,1,0.000,0.000,128.468,IDLE
1782278800.907454,21,1,0.000,0.000,128.468,IDLE
1782278800.907521,32,1,0.000,0.000,128.468,IDLE
1782278800.907589,57,1,0.000,0.000,128.468,IDLE
1782278800.907657,34,1,0.000,0.000,128.468,IDLE
1782278800.907726,50,1,0.000,0.000,128.468,IDLE
1782278800.907794,54,1,0.000,0.000,128.468,IDLE
1782278800.907861,56,1,0.000,0.000,128.468,IDLE
1782278800.907927,41,1,0.000,0.000,128.468,IDLE
1782278800.907997,52,1,0.000,0.000,128.468,IDLE
1782278800.908065,51,1,0.000,0.000,128.468,IDLE
1782278800.908132,19,1,0.000,0.000,128.468,IDLE
1782278800.908199,31,1,0.000,0.000,128.468,IDLE
1782278800.908266,33,1,0.000,0.000,128.468,IDLE
1782278800.908333,40,1,0.000,0.000,128.468,ATTACKING
1782278800.908400,42,1,0.000,0.000,128.468,ATTACKING
1782278800.908467,2,1,0.000,0.000,128.468,ATTACKING
1782278800.908534,20,1,0.000,0.000,128.468,ATTACKING
1782278801.006845,55,1,0.000,0.000,128.468,IDLE
1782278801.007016,3,1,0.000,0.000,128.468,IDLE
1782278801.007110,1,1,0.000,0.000,128.468,IDLE
1782278801.007184,43,1,0.000,0.000,128.468,IDLE
1782278801.007257,53,1,0.000,0.000,128.468,IDLE
1782278801.007326,4,1,0.000,0.000,128.468,IDLE
1782278801.007395,18,1,0.000,0.000,128.468,IDLE
1782278801.007463,21,1,0.000,0.000,128.468,IDLE
1782278801.007583,32,1,0.000,0.000,128.468,IDLE
1782278801.007684,57,1,0.000,0.000,128.468,IDLE
1782278801.007755,34,1,0.000,0.000,128.468,IDLE
1782278801.007822,50,1,0.000,0.000,128.468,IDLE
1782278801.007888,54,1,0.000,0.000,128.468,IDLE
1782278801.007954,56,1,0.000,0.000,128.468,IDLE
1782278801.008050,41,1,0.000,0.000,128.468,IDLE
1782278801.008122,52,1,0.000,0.000,128.468,IDLE
1782278801.008188,51,1,0.000,0.000,128.468,IDLE
1782278801.008253,19,1,0.000,0.000,128.468,IDLE
1782278801.008319,31,1,0.000,0.000,128.468,IDLE
1782278801.008384,33,1,0.000,0.000,128.468,IDLE
1782278801.008450,40,1,0.000,0.000,128.468,ATTACKING
1782278801.008516,42,1,0.000,0.000,128.468,ATTACKING
1782278801.008581,2,1,0.000,0.000,128.468,ATTACKING
1782278801.008646,20,1,0.000,0.000,128.468,ATTACKING
1782278801.106839,55,1,0.000,0.000,128.468,IDLE
1782278801.107011,3,1,0.000,0.000,128.468,IDLE
1782278801.107105,1,1,0.000,0.000,128.468,IDLE
1782278801.107180,43,1,0.000,0.000,128.468,IDLE
1782278801.107253,53,1,0.000,0.000,128.468,IDLE
1782278801.107324,4,1,0.000,0.000,128.468,IDLE
1782278801.107394,18,1,0.000,0.000,128.468,IDLE
1782278801.107461,21,1,0.000,0.000,128.468,IDLE
1782278801.107529,32,1,0.000,0.000,128.468,IDLE
1782278801.107597,57,1,0.000,0.000,128.468,IDLE
1782278801.107664,34,1,0.000,0.000,128.468,IDLE
1782278801.107732,50,1,0.000,0.000,128.468,IDLE
1782278801.107801,54,1,0.000,0.000,128.468,IDLE
1782278801.107868,56,1,0.000,0.000,128.468,IDLE
1782278801.107940,41,1,0.000,0.000,128.468,IDLE
1782278801.108007,52,1,0.000,0.000,128.468,IDLE
1782278801.108075,51,1,0.000,0.000,128.468,IDLE
1782278801.108142,19,1,0.000,0.000,128.468,IDLE
1782278801.108210,31,1,0.000,0.000,128.468,IDLE
1782278801.108277,33,1,0.000,0.000,128.468,IDLE
1782278801.108347,40,1,0.000,0.000,128.468,ATTACKING
1782278801.108414,42,1,0.000,0.000,128.468,ATTACKING
1782278801.108483,2,1,0.000,0.000,128.468,ATTACKING
1782278801.108549,20,1,0.000,0.000,128.468,ATTACKING
1782278801.206836,55,1,0.000,0.000,128.468,IDLE
1782278801.207008,3,1,0.000,0.000,128.468,IDLE
1782278801.207101,1,1,0.000,0.000,128.468,IDLE
1782278801.207176,43,1,0.000,0.000,128.468,IDLE
1782278801.207247,53,1,0.000,0.000,128.468,IDLE
1782278801.207317,4,1,0.000,0.000,128.468,IDLE
1782278801.207385,18,1,0.000,0.000,128.468,IDLE
1782278801.207451,21,1,0.000,0.000,128.468,IDLE
1782278801.207517,32,1,0.000,0.000,128.468,IDLE
1782278801.207585,57,1,0.000,0.000,128.468,IDLE
1782278801.207653,34,1,0.000,0.000,128.468,IDLE
1782278801.207721,50,1,0.000,0.000,128.468,IDLE
1782278801.207788,54,1,0.000,0.000,128.468,IDLE
1782278801.207855,56,1,0.000,0.000,128.468,IDLE
1782278801.207926,41,1,0.000,0.000,128.468,IDLE
1782278801.207993,52,1,0.000,0.000,128.468,IDLE
1782278801.208076,51,1,0.000,0.000,128.468,IDLE
1782278801.208146,19,1,0.000,0.000,128.468,IDLE
1782278801.208213,31,1,0.000,0.000,128.468,IDLE
1782278801.208280,33,1,0.000,0.000,128.468,IDLE
1782278801.208347,40,1,0.000,0.000,128.468,ATTACKING
1782278801.208414,42,1,0.000,0.000,128.468,ATTACKING
1782278801.208481,2,1,0.000,0.000,128.468,ATTACKING
1782278801.208548,20,1,0.000,0.000,128.468,ATTACKING
1782278801.306838,55,1,0.000,0.000,128.468,IDLE
1782278801.307010,3,1,0.000,0.000,128.468,IDLE
1782278801.307105,1,1,0.000,0.000,128.468,IDLE
1782278801.307179,43,1,0.000,0.000,128.468,IDLE
1782278801.307251,53,1,0.000,0.000,128.468,IDLE
1782278801.307321,4,1,0.000,0.000,128.468,IDLE
1782278801.307389,18,1,0.000,0.000,128.468,IDLE
1782278801.307457,21,1,0.000,0.000,128.468,IDLE
1782278801.307523,32,1,0.000,0.000,128.468,IDLE
1782278801.307590,57,1,0.000,0.000,128.468,IDLE
1782278801.307658,34,1,0.000,0.000,128.468,IDLE
1782278801.307725,50,1,0.000,0.000,128.468,IDLE
1782278801.307792,54,1,0.000,0.000,128.468,IDLE
1782278801.307858,56,1,0.000,0.000,128.468,IDLE
1782278801.307928,41,1,0.000,0.000,128.468,IDLE
1782278801.307995,52,1,0.000,0.000,128.468,IDLE
1782278801.308060,51,1,0.000,0.000,128.468,IDLE
1782278801.308127,19,1,0.000,0.000,128.468,IDLE
1782278801.308193,31,1,0.000,0.000,128.468,IDLE
1782278801.308260,33,1,0.000,0.000,128.468,IDLE
1782278801.308327,40,1,0.000,0.000,128.468,ATTACKING
1782278801.308394,42,1,0.000,0.000,128.468,ATTACKING
1782278801.308461,2,1,0.000,0.000,128.468,ATTACKING
1782278801.308528,20,1,0.000,0.000,128.468,ATTACKING
1782278801.406839,55,1,0.000,0.000,128.468,IDLE
1782278801.407021,3,1,0.000,0.000,128.468,IDLE
1782278801.407115,1,1,0.000,0.000,128.468,IDLE
1782278801.407259,43,1,0.000,0.000,128.468,IDLE
1782278801.407348,53,1,0.000,0.000,128.468,IDLE
1782278801.407416,4,1,0.000,0.000,128.468,IDLE
1782278801.407483,18,1,0.000,0.000,128.468,IDLE
1782278801.407549,21,1,0.000,0.000,128.468,IDLE
1782278801.407615,32,1,0.000,0.000,128.468,IDLE
1782278801.407679,57,1,0.000,0.000,128.468,IDLE
1782278801.407745,34,1,0.000,0.000,128.468,IDLE
1782278801.407829,50,1,0.000,0.000,128.468,IDLE
1782278801.407902,54,1,0.000,0.000,128.468,IDLE
1782278801.407969,56,1,0.000,0.000,128.468,IDLE
1782278801.408038,41,1,0.000,0.000,128.468,IDLE
1782278801.408105,52,1,0.000,0.000,128.468,IDLE
1782278801.408170,51,1,0.000,0.000,128.468,IDLE
1782278801.408236,19,1,0.000,0.000,128.468,IDLE
1782278801.408316,31,1,0.000,0.000,128.468,IDLE
1782278801.408384,33,1,0.000,0.000,128.468,IDLE
1782278801.408451,40,1,0.000,0.000,128.468,ATTACKING
1782278801.408517,42,1,0.000,0.000,128.468,ATTACKING
1782278801.408583,2,1,0.000,0.000,128.468,ATTACKING
1782278801.408648,20,1,0.000,0.000,128.468,ATTACKING
1782278801.506839,55,1,0.000,0.000,128.468,IDLE
1782278801.507018,3,1,0.000,0.000,128.468,IDLE
1782278801.507113,1,1,0.000,0.000,128.468,IDLE
1782278801.507190,43,1,0.000,0.000,128.468,IDLE
1782278801.507263,53,1,0.000,0.000,128.468,IDLE
1782278801.507332,4,1,0.000,0.000,128.468,IDLE
1782278801.507401,18,1,0.000,0.000,128.468,IDLE
1782278801.507469,21,1,0.000,0.000,128.468,IDLE
1782278801.507538,32,1,0.000,0.000,128.468,IDLE
1782278801.507606,57,1,0.000,0.000,128.468,IDLE
1782278801.507674,34,1,0.000,0.000,128.468,IDLE
1782278801.507742,50,1,0.000,0.000,128.468,IDLE
1782278801.507810,54,1,0.000,0.000,128.468,IDLE
1782278801.507878,56,1,0.000,0.000,128.468,IDLE
1782278801.507946,41,1,0.000,0.000,128.468,IDLE
1782278801.508013,52,1,0.000,0.000,128.468,IDLE
1782278801.508078,51,1,0.000,0.000,128.468,IDLE
1782278801.508144,19,1,0.000,0.000,128.468,IDLE
1782278801.508210,31,1,0.000,0.000,128.468,IDLE
1782278801.508277,33,1,0.000,0.000,128.468,IDLE
1782278801.508344,40,1,0.000,0.000,128.468,ATTACKING
1782278801.508412,42,1,0.000,0.000,128.468,ATTACKING
1782278801.508477,2,1,0.000,0.000,128.468,ATTACKING
1782278801.508543,20,1,0.000,0.000,128.468,ATTACKING
1782278801.606845,55,1,0.000,0.000,128.468,IDLE
1782278801.607018,3,1,0.000,0.000,128.468,IDLE
1782278801.607113,1,1,0.000,0.000,128.468,IDLE
1782278801.607189,43,1,0.000,0.000,128.468,IDLE
1782278801.607264,53,1,0.000,0.000,128.468,IDLE
1782278801.607335,4,1,0.000,0.000,128.468,IDLE
1782278801.607404,18,1,0.000,0.000,128.468,IDLE
1782278801.607473,21,1,0.000,0.000,128.468,IDLE
1782278801.607542,32,1,0.000,0.000,128.468,IDLE
1782278801.607611,57,1,0.000,0.000,128.468,IDLE
1782278801.607680,34,1,0.000,0.000,128.468,IDLE
1782278801.607749,50,1,0.000,0.000,128.468,IDLE
1782278801.607817,54,1,0.000,0.000,128.468,IDLE
1782278801.607887,56,1,0.000,0.000,128.468,IDLE
1782278801.607955,41,1,0.000,0.000,128.468,IDLE
1782278801.608024,52,1,0.000,0.000,128.468,IDLE
1782278801.608092,51,1,0.000,0.000,128.468,IDLE
1782278801.608160,19,1,0.000,0.000,128.468,IDLE
1782278801.608228,31,1,0.000,0.000,128.468,IDLE
1782278801.608295,33,1,0.000,0.000,128.468,IDLE
1782278801.608379,40,1,0.000,0.000,128.468,ATTACKING
1782278801.608450,42,1,0.000,0.000,128.468,ATTACKING
1782278801.608518,2,1,0.000,0.000,128.468,ATTACKING
1782278801.608613,20,1,0.000,0.000,128.468,ATTACKING
1782278801.706843,55,1,0.000,0.000,128.468,IDLE
1782278801.707014,3,1,0.000,0.000,128.468,IDLE
1782278801.707110,1,1,0.000,0.000,128.468,IDLE
1782278801.707184,43,1,0.000,0.000,128.468,IDLE
1782278801.707256,53,1,0.000,0.000,128.468,IDLE
1782278801.707323,4,1,0.000,0.000,128.468,IDLE
1782278801.707392,18,1,0.000,0.000,128.468,IDLE
1782278801.707459,21,1,0.000,0.000,128.468,IDLE
1782278801.707525,32,1,0.000,0.000,128.468,IDLE
1782278801.707592,57,1,0.000,0.000,128.468,IDLE
1782278801.707659,34,1,0.000,0.000,128.468,IDLE
1782278801.707726,50,1,0.000,0.000,128.468,IDLE
1782278801.707793,54,1,0.000,0.000,128.468,IDLE
1782278801.707860,56,1,0.000,0.000,128.468,IDLE
1782278801.707931,41,1,0.000,0.000,128.468,IDLE
1782278801.707998,52,1,0.000,0.000,128.468,IDLE
1782278801.708064,51,1,0.000,0.000,128.468,IDLE
1782278801.708131,19,1,0.000,0.000,128.468,IDLE
1782278801.708197,31,1,0.000,0.000,128.468,IDLE
1782278801.708263,33,1,0.000,0.000,128.468,IDLE
1782278801.708330,40,1,0.000,0.000,128.468,ATTACKING
1782278801.708415,42,1,0.000,0.000,128.468,ATTACKING
1782278801.708489,2,1,0.000,0.000,128.468,ATTACKING
1782278801.708648,20,1,0.000,0.000,128.468,ATTACKING
1782278801.806791,55,1,0.000,0.000,128.468,IDLE
1782278801.806966,3,1,0.000,0.000,128.468,IDLE
1782278801.807058,1,1,0.000,0.000,128.468,IDLE
1782278801.807133,43,1,0.000,0.000,128.468,IDLE
1782278801.807203,53,1,0.000,0.000,128.468,IDLE
1782278801.807274,4,1,0.000,0.000,128.468,IDLE
1782278801.807342,18,1,0.000,0.000,128.468,IDLE
1782278801.807410,21,1,0.000,0.000,128.468,IDLE
1782278801.807477,32,1,0.000,0.000,128.468,IDLE
1782278801.807545,57,1,0.000,0.000,128.468,IDLE
1782278801.807613,34,1,0.000,0.000,128.468,IDLE
1782278801.807681,50,1,0.000,0.000,128.468,IDLE
1782278801.807748,54,1,0.000,0.000,128.468,IDLE
1782278801.807816,56,1,0.000,0.000,128.468,IDLE
1782278801.807886,41,1,0.000,0.000,128.468,IDLE
1782278801.807953,52,1,0.000,0.000,128.468,IDLE
1782278801.808021,51,1,0.000,0.000,128.468,IDLE
1782278801.808088,19,1,0.000,0.000,128.468,IDLE
1782278801.808155,31,1,0.000,0.000,128.468,IDLE
1782278801.808222,33,1,0.000,0.000,128.468,IDLE
1782278801.808289,40,1,0.000,0.000,128.468,ATTACKING
1782278801.808357,42,1,0.000,0.000,128.468,ATTACKING
1782278801.808441,2,1,0.000,0.000,128.468,ATTACKING
1782278801.808513,20,1,0.000,0.000,128.468,ATTACKING
1782278801.906836,55,1,0.000,0.000,128.468,IDLE
1782278801.907007,3,1,0.000,0.000,128.468,IDLE
1782278801.907101,1,1,0.000,0.000,128.468,IDLE
1782278801.907176,43,1,0.000,0.000,128.468,IDLE
1782278801.907248,53,1,0.000,0.000,128.468,IDLE
1782278801.907319,4,1,0.000,0.000,128.468,IDLE
1782278801.907387,18,1,0.000,0.000,128.468,IDLE
1782278801.907455,21,1,0.000,0.000,128.468,IDLE
1782278801.907522,32,1,0.000,0.000,128.468,IDLE
1782278801.907591,57,1,0.000,0.000,128.468,IDLE
1782278801.907658,34,1,0.000,0.000,128.468,IDLE
1782278801.907726,50,1,0.000,0.000,128.468,IDLE
1782278801.907794,54,1,0.000,0.000,128.468,IDLE
1782278801.907863,56,1,0.000,0.000,128.468,IDLE
1782278801.907933,41,1,0.000,0.000,128.468,IDLE
1782278801.908000,52,1,0.000,0.000,128.468,IDLE
1782278801.908067,51,1,0.000,0.000,128.468,IDLE
1782278801.908134,19,1,0.000,0.000,128.468,IDLE
1782278801.908201,31,1,0.000,0.000,128.468,IDLE
1782278801.908268,33,1,0.000,0.000,128.468,IDLE
1782278801.908336,40,1,0.000,0.000,128.468,ATTACKING
1782278801.908404,42,1,0.000,0.000,128.468,ATTACKING
1782278801.908472,2,1,0.000,0.000,128.468,ATTACKING
1782278801.908539,20,1,0.000,0.000,128.468,ATTACKING
1782278802.006852,55,1,0.000,0.000,128.468,IDLE
1782278802.007025,3,1,0.000,0.000,128.468,IDLE
1782278802.007118,1,1,0.000,0.000,128.468,IDLE
1782278802.007192,43,1,0.000,0.000,128.468,IDLE
1782278802.007262,53,1,0.000,0.000,128.468,IDLE
1782278802.007332,4,1,0.000,0.000,128.468,IDLE
1782278802.007398,18,1,0.000,0.000,128.468,IDLE
1782278802.007466,21,1,0.000,0.000,128.468,IDLE
1782278802.007534,32,1,0.000,0.000,128.468,IDLE
1782278802.007601,57,1,0.000,0.000,128.468,IDLE
1782278802.007668,34,1,0.000,0.000,128.468,IDLE
1782278802.007735,50,1,0.000,0.000,128.468,IDLE
1782278802.007802,54,1,0.000,0.000,128.468,IDLE
1782278802.007870,56,1,0.000,0.000,128.468,IDLE
1782278802.007943,41,1,0.000,0.000,128.468,IDLE
1782278802.008009,52,1,0.000,0.000,128.468,IDLE
1782278802.008075,51,1,0.000,0.000,128.468,IDLE
1782278802.008141,19,1,0.000,0.000,128.468,IDLE
1782278802.008207,31,1,0.000,0.000,128.468,IDLE
1782278802.008274,33,1,0.000,0.000,128.468,IDLE
1782278802.008339,40,1,0.000,0.000,128.468,ATTACKING
1782278802.008408,42,1,0.000,0.000,128.468,ATTACKING
1782278802.008474,2,1,0.000,0.000,128.468,ATTACKING
1782278802.008541,20,1,0.000,0.000,128.468,ATTACKING
1782278802.106850,55,1,0.000,0.000,128.468,IDLE
1782278802.107026,3,1,0.000,0.000,128.468,IDLE
1782278802.107118,1,1,0.000,0.000,128.468,IDLE
1782278802.107193,43,1,0.000,0.000,128.468,IDLE
1782278802.107263,53,1,0.000,0.000,128.468,IDLE
1782278802.107332,4,1,0.000,0.000,128.468,IDLE
1782278802.107399,18,1,0.000,0.000,128.468,IDLE
1782278802.107466,21,1,0.000,0.000,128.468,IDLE
1782278802.107549,32,1,0.000,0.000,128.468,IDLE
1782278802.107623,57,1,0.000,0.000,128.468,IDLE
1782278802.107691,34,1,0.000,0.000,128.468,IDLE
1782278802.107758,50,1,0.000,0.000,128.468,IDLE
1782278802.107825,54,1,0.000,0.000,128.468,IDLE
1782278802.107894,56,1,0.000,0.000,128.468,IDLE
1782278802.107961,41,1,0.000,0.000,128.468,IDLE
1782278802.108028,52,1,0.000,0.000,128.468,IDLE
1782278802.108094,51,1,0.000,0.000,128.468,IDLE
1782278802.108159,19,1,0.000,0.000,128.468,IDLE
1782278802.108226,31,1,0.000,0.000,128.468,IDLE
1782278802.108293,33,1,0.000,0.000,128.468,IDLE
1782278802.108359,40,1,0.000,0.000,128.468,ATTACKING
1782278802.108427,42,1,0.000,0.000,128.468,ATTACKING
1782278802.108494,2,1,0.000,0.000,128.468,ATTACKING
1782278802.108560,20,1,0.000,0.000,128.468,ATTACKING
1782278802.206851,55,1,0.000,0.000,128.468,IDLE
1782278802.207025,3,1,0.000,0.000,128.468,IDLE
1782278802.207117,1,1,0.000,0.000,128.468,IDLE
1782278802.207192,43,1,0.000,0.000,128.468,IDLE
1782278802.207264,53,1,0.000,0.000,128.468,IDLE
1782278802.207335,4,1,0.000,0.000,128.468,IDLE
1782278802.207404,18,1,0.000,0.000,128.468,IDLE
1782278802.207472,21,1,0.000,0.000,128.468,IDLE
1782278802.207540,32,1,0.000,0.000,128.468,IDLE
1782278802.207608,57,1,0.000,0.000,128.468,IDLE
1782278802.207675,34,1,0.000,0.000,128.468,IDLE
1782278802.207742,50,1,0.000,0.000,128.468,IDLE
1782278802.207809,54,1,0.000,0.000,128.468,IDLE
1782278802.207879,56,1,0.000,0.000,128.468,IDLE
1782278802.207945,41,1,0.000,0.000,128.468,IDLE
1782278802.208012,52,1,0.000,0.000,128.468,IDLE
1782278802.208077,51,1,0.000,0.000,128.468,IDLE
1782278802.208143,19,1,0.000,0.000,128.468,IDLE
1782278802.208209,31,1,0.000,0.000,128.468,IDLE
1782278802.208275,33,1,0.000,0.000,128.468,IDLE
1782278802.208341,40,1,0.000,0.000,128.468,ATTACKING
1782278802.208408,42,1,0.000,0.000,128.468,ATTACKING
1782278802.208475,2,1,0.000,0.000,128.468,ATTACKING
1782278802.208541,20,1,0.000,0.000,128.468,ATTACKING
1782278802.306847,55,1,0.000,0.000,128.468,IDLE
1782278802.307021,3,1,0.000,0.000,128.468,IDLE
1782278802.307128,1,1,0.000,0.000,128.468,IDLE
1782278802.307207,43,1,0.000,0.000,128.468,IDLE
1782278802.307279,53,1,0.000,0.000,128.468,IDLE
1782278802.307349,4,1,0.000,0.000,128.468,IDLE
1782278802.307417,18,1,0.000,0.000,128.468,IDLE
1782278802.307483,21,1,0.000,0.000,128.468,IDLE
1782278802.307550,32,1,0.000,0.000,128.468,IDLE
1782278802.307617,57,1,0.000,0.000,128.468,IDLE
1782278802.307684,34,1,0.000,0.000,128.468,IDLE
1782278802.307751,50,1,0.000,0.000,128.468,IDLE
1782278802.307820,54,1,0.000,0.000,128.468,IDLE
1782278802.307890,56,1,0.000,0.000,128.468,IDLE
1782278802.307957,41,1,0.000,0.000,128.468,IDLE
1782278802.308024,52,1,0.000,0.000,128.468,IDLE
1782278802.308090,51,1,0.000,0.000,128.468,IDLE
1782278802.308157,19,1,0.000,0.000,128.468,IDLE
1782278802.308223,31,1,0.000,0.000,128.468,IDLE
1782278802.308290,33,1,0.000,0.000,128.468,IDLE
1782278802.308357,40,1,0.000,0.000,128.468,ATTACKING
1782278802.308425,42,1,0.000,0.000,128.468,ATTACKING
1782278802.308491,2,1,0.000,0.000,128.468,ATTACKING
1782278802.308559,20,1,0.000,0.000,128.468,ATTACKING
1782278802.406849,55,1,0.000,0.000,128.468,IDLE
1782278802.407023,3,1,0.000,0.000,128.468,IDLE
1782278802.407114,1,1,0.000,0.000,128.468,IDLE
1782278802.407189,43,1,0.000,0.000,128.468,IDLE
1782278802.407260,53,1,0.000,0.000,128.468,IDLE
1782278802.407330,4,1,0.000,0.000,128.468,IDLE
1782278802.407398,18,1,0.000,0.000,128.468,IDLE
1782278802.407466,21,1,0.000,0.000,128.468,IDLE
1782278802.407534,32,1,0.000,0.000,128.468,IDLE
1782278802.407602,57,1,0.000,0.000,128.468,IDLE
1782278802.407670,34,1,0.000,0.000,128.468,IDLE
1782278802.407737,50,1,0.000,0.000,128.468,IDLE
1782278802.407806,54,1,0.000,0.000,128.468,IDLE
1782278802.407877,56,1,0.000,0.000,128.468,IDLE
1782278802.407946,41,1,0.000,0.000,128.468,IDLE
1782278802.408014,52,1,0.000,0.000,128.468,IDLE
1782278802.408082,51,1,0.000,0.000,128.468,IDLE
1782278802.408149,19,1,0.000,0.000,128.468,IDLE
1782278802.408235,31,1,0.000,0.000,128.468,IDLE
1782278802.408309,33,1,0.000,0.000,128.468,IDLE
1782278802.408377,40,1,0.000,0.000,128.468,ATTACKING
1782278802.408444,42,1,0.000,0.000,128.468,ATTACKING
1782278802.408511,2,1,0.000,0.000,128.468,ATTACKING
1782278802.408577,20,1,0.000,0.000,128.468,ATTACKING
1782278802.506847,55,1,0.000,0.000,128.468,IDLE
1782278802.507048,3,1,0.000,0.000,128.468,IDLE
1782278802.508651,1,1,0.000,0.000,128.468,IDLE
1782278802.508804,43,1,0.000,0.000,128.468,IDLE
1782278802.508917,53,1,0.000,0.000,128.468,IDLE
1782278802.508996,4,1,0.000,0.000,128.468,IDLE
1782278802.509068,18,1,0.000,0.000,128.468,IDLE
1782278802.509137,21,1,0.000,0.000,128.468,IDLE
1782278802.509204,32,1,0.000,0.000,128.468,IDLE
1782278802.509272,57,1,0.000,0.000,128.468,IDLE
1782278802.509339,34,1,0.000,0.000,128.468,IDLE
1782278802.509406,50,1,0.000,0.000,128.468,IDLE
1782278802.509474,54,1,0.000,0.000,128.468,IDLE
1782278802.509540,56,1,0.000,0.000,128.468,IDLE
1782278802.509606,41,1,0.000,0.000,128.468,IDLE
1782278802.509671,52,1,0.000,0.000,128.468,IDLE
1782278802.509737,51,1,0.000,0.000,128.468,IDLE
1782278802.509801,19,1,0.000,0.000,128.468,IDLE
1782278802.509866,31,1,0.000,0.000,128.468,IDLE
1782278802.509932,33,1,0.000,0.000,128.468,IDLE
1782278802.509997,40,1,0.000,0.000,128.468,ATTACKING
1782278802.510062,42,1,0.000,0.000,128.468,ATTACKING
1782278802.510128,2,1,0.000,0.000,128.468,ATTACKING
1782278802.510194,20,1,0.000,0.000,128.468,ATTACKING
1782278802.606848,55,1,0.000,0.000,128.468,IDLE
1782278802.607023,3,1,0.000,0.000,128.468,IDLE
1782278802.607115,1,1,0.000,0.000,128.468,IDLE
1782278802.607190,43,1,0.000,0.000,128.468,IDLE
1782278802.607262,53,1,0.000,0.000,128.468,IDLE
1782278802.607332,4,1,0.000,0.000,128.468,IDLE
1782278802.607402,18,1,0.000,0.000,128.468,IDLE
1782278802.607470,21,1,0.000,0.000,128.468,IDLE
1782278802.607538,32,1,0.000,0.000,128.468,IDLE
1782278802.607604,57,1,0.000,0.000,128.468,IDLE
1782278802.607671,34,1,0.000,0.000,128.468,IDLE
1782278802.607738,50,1,0.000,0.000,128.468,IDLE
1782278802.607805,54,1,0.000,0.000,128.468,IDLE
1782278802.607874,56,1,0.000,0.000,128.468,IDLE
1782278802.607942,41,1,0.000,0.000,128.468,IDLE
1782278802.608008,52,1,0.000,0.000,128.468,IDLE
1782278802.608075,51,1,0.000,0.000,128.468,IDLE
1782278802.608142,19,1,0.000,0.000,128.468,IDLE
1782278802.608209,31,1,0.000,0.000,128.468,IDLE
1782278802.608276,33,1,0.000,0.000,128.468,IDLE
1782278802.608343,40,1,0.000,0.000,128.468,ATTACKING
1782278802.608411,42,1,0.000,0.000,128.468,ATTACKING
1782278802.608479,2,1,0.000,0.000,128.468,ATTACKING
1782278802.608547,20,1,0.000,0.000,128.468,ATTACKING
1782278802.706844,55,1,0.000,0.000,128.468,IDLE
1782278802.707021,3,1,0.000,0.000,128.468,IDLE
1782278802.707116,1,1,0.000,0.000,128.468,IDLE
1782278802.707190,43,1,0.000,0.000,128.468,IDLE
1782278802.707263,53,1,0.000,0.000,128.468,IDLE
1782278802.707332,4,1,0.000,0.000,128.468,IDLE
1782278802.707417,18,1,0.000,0.000,128.468,IDLE
1782278802.707488,21,1,0.000,0.000,128.468,IDLE
1782278802.707556,32,1,0.000,0.000,128.468,IDLE
1782278802.707623,57,1,0.000,0.000,128.468,IDLE
1782278802.707690,34,1,0.000,0.000,128.468,IDLE
1782278802.707757,50,1,0.000,0.000,128.468,IDLE
1782278802.707824,54,1,0.000,0.000,128.468,IDLE
1782278802.707891,56,1,0.000,0.000,128.468,IDLE
1782278802.707957,41,1,0.000,0.000,128.468,IDLE
1782278802.708022,52,1,0.000,0.000,128.468,IDLE
1782278802.708087,51,1,0.000,0.000,128.468,IDLE
1782278802.708151,19,1,0.000,0.000,128.468,IDLE
1782278802.708216,31,1,0.000,0.000,128.468,IDLE
1782278802.708281,33,1,0.000,0.000,128.468,IDLE
1782278802.708347,40,1,0.000,0.000,128.468,ATTACKING
1782278802.708412,42,1,0.000,0.000,128.468,ATTACKING
1782278802.708479,2,1,0.000,0.000,128.468,ATTACKING
1782278802.708544,20,1,0.000,0.000,128.468,ATTACKING
1782278802.806852,55,1,0.000,0.000,128.468,IDLE
1782278802.807028,3,1,0.000,0.000,128.468,IDLE
1782278802.807120,1,1,0.000,0.000,128.468,IDLE
1782278802.807196,43,1,0.000,0.000,128.468,IDLE
1782278802.807286,53,1,0.000,0.000,128.468,IDLE
1782278802.807364,4,1,0.000,0.000,128.468,IDLE
1782278802.807435,18,1,0.000,0.000,128.468,IDLE
1782278802.807503,21,1,0.000,0.000,128.468,IDLE
1782278802.807569,32,1,0.000,0.000,128.468,IDLE
1782278802.807636,57,1,0.000,0.000,128.468,IDLE
1782278802.807703,34,1,0.000,0.000,128.468,IDLE
1782278802.807769,50,1,0.000,0.000,128.468,IDLE
1782278802.807838,54,1,0.000,0.000,128.468,IDLE
1782278802.807905,56,1,0.000,0.000,128.468,IDLE
1782278802.807973,41,1,0.000,0.000,128.468,IDLE
1782278802.808040,52,1,0.000,0.000,128.468,IDLE
1782278802.808106,51,1,0.000,0.000,128.468,IDLE
1782278802.808172,19,1,0.000,0.000,128.468,IDLE
1782278802.808239,31,1,0.000,0.000,128.468,IDLE
1782278802.808306,33,1,0.000,0.000,128.468,IDLE
1782278802.808372,40,1,0.000,0.000,128.468,ATTACKING
1782278802.808440,42,1,0.000,0.000,128.468,ATTACKING
1782278802.808508,2,1,0.000,0.000,128.468,ATTACKING
1782278802.808576,20,1,0.000,0.000,128.468,ATTACKING
1782278802.906846,55,1,0.000,0.000,128.468,IDLE
1782278802.907020,3,1,0.000,0.000,128.468,IDLE
1782278802.907114,1,1,0.000,0.000,128.468,IDLE
1782278802.907187,43,1,0.000,0.000,128.468,IDLE
1782278802.907257,53,1,0.000,0.000,128.468,IDLE
1782278802.907326,4,1,0.000,0.000,128.468,IDLE
1782278802.907396,18,1,0.000,0.000,128.468,IDLE
1782278802.907464,21,1,0.000,0.000,128.468,IDLE
1782278802.907546,32,1,0.000,0.000,128.468,IDLE
1782278802.907619,57,1,0.000,0.000,128.468,IDLE
1782278802.907687,34,1,0.000,0.000,128.468,IDLE
1782278802.907754,50,1,0.000,0.000,128.468,IDLE
1782278802.907825,54,1,0.000,0.000,128.468,IDLE
1782278802.907892,56,1,0.000,0.000,128.468,IDLE
1782278802.907960,41,1,0.000,0.000,128.468,IDLE
1782278802.908027,52,1,0.000,0.000,128.468,IDLE
1782278802.908094,51,1,0.000,0.000,128.468,IDLE
1782278802.908161,19,1,0.000,0.000,128.468,IDLE
1782278802.908228,31,1,0.000,0.000,128.468,IDLE
1782278802.908295,33,1,0.000,0.000,128.468,IDLE
1782278802.908362,40,1,0.000,0.000,128.468,ATTACKING
1782278802.908430,42,1,0.000,0.000,128.468,ATTACKING
1782278802.908499,2,1,0.000,0.000,128.468,ATTACKING
1782278802.908566,20,1,0.000,0.000,128.468,ATTACKING
1782278803.006848,55,1,0.000,0.000,128.468,IDLE
1782278803.007022,3,1,0.000,0.000,128.468,IDLE
1782278803.007114,1,1,0.000,0.000,128.468,IDLE
1782278803.007189,43,1,0.000,0.000,128.468,IDLE
1782278803.007260,53,1,0.000,0.000,128.468,IDLE
1782278803.007330,4,1,0.000,0.000,128.468,IDLE
1782278803.007399,18,1,0.000,0.000,128.468,IDLE
1782278803.007467,21,1,0.000,0.000,128.468,IDLE
1782278803.007534,32,1,0.000,0.000,128.468,IDLE
1782278803.007600,57,1,0.000,0.000,128.468,IDLE
1782278803.007667,34,1,0.000,0.000,128.468,IDLE
1782278803.007734,50,1,0.000,0.000,128.468,IDLE
1782278803.007805,54,1,0.000,0.000,128.468,IDLE
1782278803.007874,56,1,0.000,0.000,128.468,IDLE
1782278803.007943,41,1,0.000,0.000,128.468,IDLE
1782278803.008010,52,1,0.000,0.000,128.468,IDLE
1782278803.008077,51,1,0.000,0.000,128.468,IDLE
1782278803.008144,19,1,0.000,0.000,128.468,IDLE
1782278803.008209,31,1,0.000,0.000,128.468,IDLE
1782278803.008276,33,1,0.000,0.000,128.468,IDLE
1782278803.008342,40,1,0.000,0.000,128.468,ATTACKING
1782278803.008409,42,1,0.000,0.000,128.468,ATTACKING
1782278803.008476,2,1,0.000,0.000,128.468,ATTACKING
1782278803.008543,20,1,0.000,0.000,128.468,ATTACKING
1782278803.106848,55,1,0.000,0.000,128.468,IDLE
1782278803.107022,3,1,0.000,0.000,128.468,IDLE
1782278803.107114,1,1,0.000,0.000,128.468,IDLE
1782278803.107187,43,1,0.000,0.000,128.468,IDLE
1782278803.107259,53,1,0.000,0.000,128.468,IDLE
1782278803.107329,4,1,0.000,0.000,128.468,IDLE
1782278803.107397,18,1,0.000,0.000,128.468,IDLE
1782278803.107464,21,1,0.000,0.000,128.468,IDLE
1782278803.107532,32,1,0.000,0.000,128.468,IDLE
1782278803.107599,57,1,0.000,0.000,128.468,IDLE
1782278803.107683,34,1,0.000,0.000,128.468,IDLE
1782278803.107754,50,1,0.000,0.000,128.468,IDLE
1782278803.107824,54,1,0.000,0.000,128.468,IDLE
1782278803.107891,56,1,0.000,0.000,128.468,IDLE
1782278803.107959,41,1,0.000,0.000,128.468,IDLE
1782278803.108043,52,1,0.000,0.000,128.468,IDLE
1782278803.108118,51,1,0.000,0.000,128.468,IDLE
1782278803.108185,19,1,0.000,0.000,128.468,IDLE
1782278803.108250,31,1,0.000,0.000,128.468,IDLE
1782278803.108316,33,1,0.000,0.000,128.468,IDLE
1782278803.108382,40,1,0.000,0.000,128.468,ATTACKING
1782278803.108449,42,1,0.000,0.000,128.468,ATTACKING
1782278803.108516,2,1,0.000,0.000,128.468,ATTACKING
1782278803.108583,20,1,0.000,0.000,128.468,ATTACKING
1782278803.206849,55,1,0.000,0.000,128.468,IDLE
1782278803.207024,3,1,0.000,0.000,128.468,IDLE
1782278803.207116,1,1,0.000,0.000,128.468,IDLE
1782278803.207191,43,1,0.000,0.000,128.468,IDLE
1782278803.207260,53,1,0.000,0.000,128.468,IDLE
1782278803.207329,4,1,0.000,0.000,128.468,IDLE
1782278803.207398,18,1,0.000,0.000,128.468,IDLE
1782278803.207467,21,1,0.000,0.000,128.468,IDLE
1782278803.207534,32,1,0.000,0.000,128.468,IDLE
1782278803.207601,57,1,0.000,0.000,128.468,IDLE
1782278803.207668,34,1,0.000,0.000,128.468,IDLE
1782278803.207735,50,1,0.000,0.000,128.468,IDLE
1782278803.207804,54,1,0.000,0.000,128.468,IDLE
1782278803.207872,56,1,0.000,0.000,128.468,IDLE
1782278803.207939,41,1,0.000,0.000,128.468,IDLE
1782278803.208006,52,1,0.000,0.000,128.468,IDLE
1782278803.208073,51,1,0.000,0.000,128.468,IDLE
1782278803.208140,19,1,0.000,0.000,128.468,IDLE
1782278803.208206,31,1,0.000,0.000,128.468,IDLE
1782278803.208273,33,1,0.000,0.000,128.468,IDLE
1782278803.208340,40,1,0.000,0.000,128.468,ATTACKING
1782278803.208408,42,1,0.000,0.000,128.468,ATTACKING
1782278803.208476,2,1,0.000,0.000,128.468,ATTACKING
1782278803.208544,20,1,0.000,0.000,128.468,ATTACKING
1782278803.306850,55,1,0.000,0.000,128.468,IDLE
1782278803.307024,3,1,0.000,0.000,128.468,IDLE
1782278803.307117,1,1,0.000,0.000,128.468,IDLE
1782278803.307190,43,1,0.000,0.000,128.468,IDLE
1782278803.307261,53,1,0.000,0.000,128.468,IDLE
1782278803.307331,4,1,0.000,0.000,128.468,IDLE
1782278803.307400,18,1,0.000,0.000,128.468,IDLE
1782278803.307470,21,1,0.000,0.000,128.468,IDLE
1782278803.307538,32,1,0.000,0.000,128.468,IDLE
1782278803.307606,57,1,0.000,0.000,128.468,IDLE
1782278803.307674,34,1,0.000,0.000,128.468,IDLE
1782278803.307741,50,1,0.000,0.000,128.468,IDLE
1782278803.307828,54,1,0.000,0.000,128.468,IDLE
1782278803.307901,56,1,0.000,0.000,128.468,IDLE
1782278803.307969,41,1,0.000,0.000,128.468,IDLE
1782278803.308038,52,1,0.000,0.000,128.468,IDLE
1782278803.308106,51,1,0.000,0.000,128.468,IDLE
1782278803.308175,19,1,0.000,0.000,128.468,IDLE
1782278803.308243,31,1,0.000,0.000,128.468,IDLE
1782278803.308311,33,1,0.000,0.000,128.468,IDLE
1782278803.308380,40,1,0.000,0.000,128.468,ATTACKING
1782278803.308449,42,1,0.000,0.000,128.468,ATTACKING
1782278803.308518,2,1,0.000,0.000,128.468,ATTACKING
1782278803.308585,20,1,0.000,0.000,128.468,ATTACKING
1782278803.406845,55,1,0.000,0.000,128.468,IDLE
1782278803.407016,3,1,0.000,0.000,128.468,IDLE
1782278803.407108,1,1,0.000,0.000,128.468,IDLE
1782278803.407182,43,1,0.000,0.000,128.468,IDLE
1782278803.407253,53,1,0.000,0.000,128.468,IDLE
1782278803.407323,4,1,0.000,0.000,128.468,IDLE
1782278803.407393,18,1,0.000,0.000,128.468,IDLE
1782278803.407462,21,1,0.000,0.000,128.468,IDLE
1782278803.407530,32,1,0.000,0.000,128.468,IDLE
1782278803.407598,57,1,0.000,0.000,128.468,IDLE
1782278803.407665,34,1,0.000,0.000,128.468,IDLE
1782278803.407733,50,1,0.000,0.000,128.468,IDLE
1782278803.407803,54,1,0.000,0.000,128.468,IDLE
1782278803.407871,56,1,0.000,0.000,128.468,IDLE
1782278803.407939,41,1,0.000,0.000,128.468,IDLE
1782278803.408008,52,1,0.000,0.000,128.468,IDLE
1782278803.408077,51,1,0.000,0.000,128.468,IDLE
1782278803.408144,19,1,0.000,0.000,128.468,IDLE
1782278803.408211,31,1,0.000,0.000,128.468,IDLE
1782278803.408278,33,1,0.000,0.000,128.468,IDLE
1782278803.408346,40,1,0.000,0.000,128.468,ATTACKING
1782278803.408414,42,1,0.000,0.000,128.468,ATTACKING
1782278803.408483,2,1,0.000,0.000,128.468,ATTACKING
1782278803.408552,20,1,0.000,0.000,128.468,ATTACKING
1782278803.506846,55,1,0.000,0.000,128.468,IDLE
1782278803.507037,3,1,0.000,0.000,128.468,IDLE
1782278803.507131,1,1,0.000,0.000,128.468,IDLE
1782278803.507205,43,1,0.000,0.000,128.468,IDLE
1782278803.507274,53,1,0.000,0.000,128.468,IDLE
1782278803.507343,4,1,0.000,0.000,128.468,IDLE
1782278803.507411,18,1,0.000,0.000,128.468,IDLE
1782278803.507479,21,1,0.000,0.000,128.468,IDLE
1782278803.507545,32,1,0.000,0.000,128.468,IDLE
1782278803.507612,57,1,0.000,0.000,128.468,IDLE
1782278803.507678,34,1,0.000,0.000,128.468,IDLE
1782278803.507745,50,1,0.000,0.000,128.468,IDLE
1782278803.507812,54,1,0.000,0.000,128.468,IDLE
1782278803.507881,56,1,0.000,0.000,128.468,IDLE
1782278803.507962,41,1,0.000,0.000,128.468,IDLE
1782278803.508032,52,1,0.000,0.000,128.468,IDLE
1782278803.508100,51,1,0.000,0.000,128.468,IDLE
1782278803.508166,19,1,0.000,0.000,128.468,IDLE
1782278803.508232,31,1,0.000,0.000,128.468,IDLE
1782278803.508298,33,1,0.000,0.000,128.468,IDLE
1782278803.508363,40,1,0.000,0.000,128.468,ATTACKING
1782278803.508430,42,1,0.000,0.000,128.468,ATTACKING
1782278803.508496,2,1,0.000,0.000,128.468,ATTACKING
1782278803.508562,20,1,0.000,0.000,128.468,ATTACKING
1782278803.606778,55,1,0.000,0.000,128.468,IDLE
1782278803.606953,3,1,0.000,0.000,128.468,IDLE
1782278803.607053,1,1,0.000,0.000,128.468,IDLE
1782278803.607131,43,1,0.000,0.000,128.468,IDLE
1782278803.607202,53,1,0.000,0.000,128.468,IDLE
1782278803.607274,4,1,0.000,0.000,128.468,IDLE
1782278803.607344,18,1,0.000,0.000,128.468,IDLE
1782278803.607414,21,1,0.000,0.000,128.468,IDLE
1782278803.607482,32,1,0.000,0.000,128.468,IDLE
1782278803.607550,57,1,0.000,0.000,128.468,IDLE
1782278803.607619,34,1,0.000,0.000,128.468,IDLE
1782278803.607685,50,1,0.000,0.000,128.468,IDLE
1782278803.607751,54,1,0.000,0.000,128.468,IDLE
1782278803.607817,56,1,0.000,0.000,128.468,IDLE
1782278803.607883,41,1,0.000,0.000,128.468,IDLE
1782278803.607949,52,1,0.000,0.000,128.468,IDLE
1782278803.608015,51,1,0.000,0.000,128.468,IDLE
1782278803.608080,19,1,0.000,0.000,128.468,IDLE
1782278803.608145,31,1,0.000,0.000,128.468,IDLE
1782278803.608211,33,1,0.000,0.000,128.468,IDLE
1782278803.608276,40,1,0.000,0.000,128.468,ATTACKING
1782278803.608342,42,1,0.000,0.000,128.468,ATTACKING
1782278803.608408,2,1,0.000,0.000,128.468,ATTACKING
1782278803.608474,20,1,0.000,0.000,128.468,ATTACKING
1782278803.706846,55,1,0.000,0.000,128.468,IDLE
1782278803.707022,3,1,0.000,0.000,128.468,IDLE
1782278803.707118,1,1,0.000,0.000,128.468,IDLE
1782278803.707195,43,1,0.000,0.000,128.468,IDLE
1782278803.707266,53,1,0.000,0.000,128.468,IDLE
1782278803.707338,4,1,0.000,0.000,128.468,IDLE
1782278803.707407,18,1,0.000,0.000,128.468,IDLE
1782278803.707477,21,1,0.000,0.000,128.468,IDLE
1782278803.707546,32,1,0.000,0.000,128.468,IDLE
1782278803.707615,57,1,0.000,0.000,128.468,IDLE
1782278803.707683,34,1,0.000,0.000,128.468,IDLE
1782278803.707751,50,1,0.000,0.000,128.468,IDLE
1782278803.707817,54,1,0.000,0.000,128.468,IDLE
1782278803.707884,56,1,0.000,0.000,128.468,IDLE
1782278803.707951,41,1,0.000,0.000,128.468,IDLE
1782278803.708019,52,1,0.000,0.000,128.468,IDLE
1782278803.708101,51,1,0.000,0.000,128.468,IDLE
1782278803.708171,19,1,0.000,0.000,128.468,IDLE
1782278803.708237,31,1,0.000,0.000,128.468,IDLE
1782278803.708304,33,1,0.000,0.000,128.468,IDLE
1782278803.708371,40,1,0.000,0.000,128.468,ATTACKING
1782278803.708439,42,1,0.000,0.000,128.468,ATTACKING
1782278803.708506,2,1,0.000,0.000,128.468,ATTACKING
1782278803.708574,20,1,0.000,0.000,128.468,ATTACKING
1782278803.806843,55,1,0.000,0.000,128.468,IDLE
1782278803.807014,3,1,0.000,0.000,128.468,IDLE
1782278803.807106,1,1,0.000,0.000,128.468,IDLE
1782278803.807180,43,1,0.000,0.000,128.468,IDLE
1782278803.807251,53,1,0.000,0.000,128.468,IDLE
1782278803.807321,4,1,0.000,0.000,128.468,IDLE
1782278803.807390,18,1,0.000,0.000,128.468,IDLE
1782278803.807459,21,1,0.000,0.000,128.468,IDLE
1782278803.807527,32,1,0.000,0.000,128.468,IDLE
1782278803.807594,57,1,0.000,0.000,128.468,IDLE
1782278803.807661,34,1,0.000,0.000,128.468,IDLE
1782278803.807727,50,1,0.000,0.000,128.468,IDLE
1782278803.807815,54,1,0.000,0.000,128.468,IDLE
1782278803.807889,56,1,0.000,0.000,128.468,IDLE
1782278803.807957,41,1,0.000,0.000,128.468,IDLE
1782278803.808024,52,1,0.000,0.000,128.468,IDLE
1782278803.808091,51,1,0.000,0.000,128.468,IDLE
1782278803.808158,19,1,0.000,0.000,128.468,IDLE
1782278803.808224,31,1,0.000,0.000,128.468,IDLE
1782278803.808291,33,1,0.000,0.000,128.468,IDLE
1782278803.808357,40,1,0.000,0.000,128.468,ATTACKING
1782278803.808425,42,1,0.000,0.000,128.468,ATTACKING
1782278803.808493,2,1,0.000,0.000,128.468,ATTACKING
1782278803.808560,20,1,0.000,0.000,128.468,ATTACKING
1782278803.906844,55,1,0.000,0.000,128.468,IDLE
1782278803.907018,3,1,0.000,0.000,128.468,IDLE
1782278803.907111,1,1,0.000,0.000,128.468,IDLE
1782278803.907185,43,1,0.000,0.000,128.468,IDLE
1782278803.907256,53,1,0.000,0.000,128.468,IDLE
1782278803.907326,4,1,0.000,0.000,128.468,IDLE
1782278803.907395,18,1,0.000,0.000,128.468,IDLE
1782278803.907463,21,1,0.000,0.000,128.468,IDLE
1782278803.907531,32,1,0.000,0.000,128.468,IDLE
1782278803.907599,57,1,0.000,0.000,128.468,IDLE
1782278803.907666,34,1,0.000,0.000,128.468,IDLE
1782278803.907740,50,1,0.000,0.000,128.468,IDLE
1782278803.907809,54,1,0.000,0.000,128.468,IDLE
1782278803.907877,56,1,0.000,0.000,128.468,IDLE
1782278803.907944,41,1,0.000,0.000,128.468,IDLE
1782278803.908012,52,1,0.000,0.000,128.468,IDLE
1782278803.908079,51,1,0.000,0.000,128.468,IDLE
1782278803.908148,19,1,0.000,0.000,128.468,IDLE
1782278803.908231,31,1,0.000,0.000,128.468,IDLE
1782278803.908301,33,1,0.000,0.000,128.468,IDLE
1782278803.908368,40,1,0.000,0.000,128.468,ATTACKING
1782278803.908436,42,1,0.000,0.000,128.468,ATTACKING
1782278803.908504,2,1,0.000,0.000,128.468,ATTACKING
1782278803.908573,20,1,0.000,0.000,128.468,ATTACKING
1782278804.006789,55,1,0.000,0.000,128.468,IDLE
1782278804.006969,3,1,0.000,0.000,128.468,IDLE
1782278804.007062,1,1,0.000,0.000,128.468,IDLE
1782278804.007136,43,1,0.000,0.000,128.468,IDLE
1782278804.007206,53,1,0.000,0.000,128.468,IDLE
1782278804.007274,4,1,0.000,0.000,128.468,IDLE
1782278804.007343,18,1,0.000,0.000,128.468,IDLE
1782278804.007411,21,1,0.000,0.000,128.468,IDLE
1782278804.007479,32,1,0.000,0.000,128.468,IDLE
1782278804.007546,57,1,0.000,0.000,128.468,IDLE
1782278804.007615,34,1,0.000,0.000,128.468,IDLE
1782278804.007685,50,1,0.000,0.000,128.468,IDLE
1782278804.007752,54,1,0.000,0.000,128.468,IDLE
1782278804.007819,56,1,0.000,0.000,128.468,IDLE
1782278804.007887,41,1,0.000,0.000,128.468,IDLE
1782278804.007953,52,1,0.000,0.000,128.468,IDLE
1782278804.008020,51,1,0.000,0.000,128.468,IDLE
1782278804.008087,19,1,0.000,0.000,128.468,IDLE
1782278804.008155,31,1,0.000,0.000,128.468,IDLE
1782278804.008221,33,1,0.000,0.000,128.468,IDLE
1782278804.008289,40,1,0.000,0.000,128.468,ATTACKING
1782278804.008357,42,1,0.000,0.000,128.468,ATTACKING
1782278804.008425,2,1,0.000,0.000,128.468,ATTACKING
1782278804.008495,20,1,0.000,0.000,128.468,ATTACKING
1782278804.106838,55,1,0.000,0.000,128.468,IDLE
1782278804.107013,3,1,0.000,0.000,128.468,IDLE
1782278804.107104,1,1,0.000,0.000,128.468,IDLE
1782278804.107180,43,1,0.000,0.000,128.468,IDLE
1782278804.107251,53,1,0.000,0.000,128.468,IDLE
1782278804.107320,4,1,0.000,0.000,128.468,IDLE
1782278804.107390,18,1,0.000,0.000,128.468,IDLE
1782278804.107460,21,1,0.000,0.000,128.468,IDLE
1782278804.107529,32,1,0.000,0.000,128.468,IDLE
1782278804.107598,57,1,0.000,0.000,128.468,IDLE
1782278804.107665,34,1,0.000,0.000,128.468,IDLE
1782278804.107736,50,1,0.000,0.000,128.468,IDLE
1782278804.107803,54,1,0.000,0.000,128.468,IDLE
1782278804.107871,56,1,0.000,0.000,128.468,IDLE
1782278804.107937,41,1,0.000,0.000,128.468,IDLE
1782278804.108004,52,1,0.000,0.000,128.468,IDLE
1782278804.108072,51,1,0.000,0.000,128.468,IDLE
1782278804.108139,19,1,0.000,0.000,128.468,IDLE
1782278804.108205,31,1,0.000,0.000,128.468,IDLE
1782278804.108273,33,1,0.000,0.000,128.468,IDLE
1782278804.108355,40,1,0.000,0.000,128.468,ATTACKING
1782278804.108428,42,1,0.000,0.000,128.468,ATTACKING
1782278804.108516,2,1,0.000,0.000,128.468,ATTACKING
1782278804.108590,20,1,0.000,0.000,128.468,ATTACKING
1782278804.206840,55,1,0.000,0.000,128.468,IDLE
1782278804.207012,3,1,0.000,0.000,128.468,IDLE
1782278804.207105,1,1,0.000,0.000,128.468,IDLE
1782278804.207179,43,1,0.000,0.000,128.468,IDLE
1782278804.207248,53,1,0.000,0.000,128.468,IDLE
1782278804.207318,4,1,0.000,0.000,128.468,IDLE
1782278804.207388,18,1,0.000,0.000,128.468,IDLE
1782278804.207456,21,1,0.000,0.000,128.468,IDLE
1782278804.207526,32,1,0.000,0.000,128.468,IDLE
1782278804.207594,57,1,0.000,0.000,128.468,IDLE
1782278804.207662,34,1,0.000,0.000,128.468,IDLE
1782278804.207733,50,1,0.000,0.000,128.468,IDLE
1782278804.207801,54,1,0.000,0.000,128.468,IDLE
1782278804.207868,56,1,0.000,0.000,128.468,IDLE
1782278804.207935,41,1,0.000,0.000,128.468,IDLE
1782278804.208003,52,1,0.000,0.000,128.468,IDLE
1782278804.208070,51,1,0.000,0.000,128.468,IDLE
1782278804.208138,19,1,0.000,0.000,128.468,IDLE
1782278804.208205,31,1,0.000,0.000,128.468,IDLE
1782278804.208271,33,1,0.000,0.000,128.468,IDLE
1782278804.208338,40,1,0.000,0.000,128.468,ATTACKING
1782278804.208405,42,1,0.000,0.000,128.468,ATTACKING
1782278804.208472,2,1,0.000,0.000,128.468,ATTACKING
1782278804.208540,20,1,0.000,0.000,128.468,ATTACKING
1782278804.306848,55,1,0.000,0.000,128.468,IDLE
1782278804.307073,3,1,0.000,0.000,128.468,IDLE
1782278804.307173,1,1,0.000,0.000,128.468,IDLE
1782278804.307248,43,1,0.000,0.000,128.468,IDLE
1782278804.307317,53,1,0.000,0.000,128.468,IDLE
1782278804.307383,4,1,0.000,0.000,128.468,IDLE
1782278804.307450,18,1,0.000,0.000,128.468,IDLE
1782278804.307515,21,1,0.000,0.000,128.468,IDLE
1782278804.307580,32,1,0.000,0.000,128.468,IDLE
1782278804.307645,57,1,0.000,0.000,128.468,IDLE
1782278804.307709,34,1,0.000,0.000,128.468,IDLE
1782278804.307777,50,1,0.000,0.000,128.468,IDLE
1782278804.307841,54,1,0.000,0.000,128.468,IDLE
1782278804.307905,56,1,0.000,0.000,128.468,IDLE
1782278804.307971,41,1,0.000,0.000,128.468,IDLE
1782278804.308036,52,1,0.000,0.000,128.468,IDLE
1782278804.308100,51,1,0.000,0.000,128.468,IDLE
1782278804.308165,19,1,0.000,0.000,128.468,IDLE
1782278804.308230,31,1,0.000,0.000,128.468,IDLE
1782278804.308294,33,1,0.000,0.000,128.468,IDLE
1782278804.308357,40,1,0.000,0.000,128.468,ATTACKING
1782278804.308423,42,1,0.000,0.000,128.468,ATTACKING
1782278804.308503,2,1,0.000,0.000,128.468,ATTACKING
1782278804.308571,20,1,0.000,0.000,128.468,ATTACKING
1782278804.406798,55,1,0.000,0.000,128.468,IDLE
1782278804.406973,3,1,0.000,0.000,128.468,IDLE
1782278804.407068,1,1,0.000,0.000,128.468,IDLE
1782278804.407143,43,1,0.000,0.000,128.468,IDLE
1782278804.407215,53,1,0.000,0.000,128.468,IDLE
1782278804.407286,4,1,0.000,0.000,128.468,IDLE
1782278804.407356,18,1,0.000,0.000,128.468,IDLE
1782278804.407425,21,1,0.000,0.000,128.468,IDLE
1782278804.407494,32,1,0.000,0.000,128.468,IDLE
1782278804.407562,57,1,0.000,0.000,128.468,IDLE
1782278804.407630,34,1,0.000,0.000,128.468,IDLE
1782278804.407711,50,1,0.000,0.000,128.468,IDLE
1782278804.407788,54,1,0.000,0.000,128.468,IDLE
1782278804.407860,56,1,0.000,0.000,128.468,IDLE
1782278804.407931,41,1,0.000,0.000,128.468,IDLE
1782278804.408004,52,1,0.000,0.000,128.468,IDLE
1782278804.408075,51,1,0.000,0.000,128.468,IDLE
1782278804.408145,19,1,0.000,0.000,128.468,IDLE
1782278804.408216,31,1,0.000,0.000,128.468,IDLE
1782278804.408286,33,1,0.000,0.000,128.468,IDLE
1782278804.408355,40,1,0.000,0.000,128.468,ATTACKING
1782278804.408507,42,1,0.000,0.000,128.468,ATTACKING
1782278804.408587,2,1,0.000,0.000,128.468,ATTACKING
1782278804.408658,20,1,0.000,0.000,128.468,ATTACKING
1782278804.506845,55,1,0.000,0.000,128.468,IDLE
1782278804.507015,3,1,0.000,0.000,128.468,IDLE
1782278804.507110,1,1,0.000,0.000,128.468,IDLE
1782278804.507185,43,1,0.000,0.000,128.468,IDLE
1782278804.507256,53,1,0.000,0.000,128.468,IDLE
1782278804.507324,4,1,0.000,0.000,128.468,IDLE
1782278804.507392,18,1,0.000,0.000,128.468,IDLE
1782278804.507461,21,1,0.000,0.000,128.468,IDLE
1782278804.507530,32,1,0.000,0.000,128.468,IDLE
1782278804.507617,57,1,0.000,0.000,128.468,IDLE
1782278804.507694,34,1,0.000,0.000,128.468,IDLE
1782278804.507763,50,1,0.000,0.000,128.468,IDLE
1782278804.507831,54,1,0.000,0.000,128.468,IDLE
1782278804.507898,56,1,0.000,0.000,128.468,IDLE
1782278804.507966,41,1,0.000,0.000,128.468,IDLE
1782278804.508034,52,1,0.000,0.000,128.468,IDLE
1782278804.508101,51,1,0.000,0.000,128.468,IDLE
1782278804.508168,19,1,0.000,0.000,128.468,IDLE
1782278804.508235,31,1,0.000,0.000,128.468,IDLE
1782278804.508302,33,1,0.000,0.000,128.468,IDLE
1782278804.508369,40,1,0.000,0.000,128.468,ATTACKING
1782278804.508436,42,1,0.000,0.000,128.468,ATTACKING
1782278804.508505,2,1,0.000,0.000,128.468,ATTACKING
1782278804.508574,20,1,0.000,0.000,128.468,ATTACKING
1782278804.606859,55,1,0.000,0.000,128.468,IDLE
1782278804.607033,3,1,0.000,0.000,128.468,IDLE
1782278804.607126,1,1,0.000,0.000,128.468,IDLE
1782278804.607198,43,1,0.000,0.000,128.468,IDLE
1782278804.607268,53,1,0.000,0.000,128.468,IDLE
1782278804.607335,4,1,0.000,0.000,128.468,IDLE
1782278804.607403,18,1,0.000,0.000,128.468,IDLE
1782278804.607471,21,1,0.000,0.000,128.468,IDLE
1782278804.607538,32,1,0.000,0.000,128.468,IDLE
1782278804.607606,57,1,0.000,0.000,128.468,IDLE
1782278804.607675,34,1,0.000,0.000,128.468,IDLE
1782278804.607742,50,1,0.000,0.000,128.468,IDLE
1782278804.607808,54,1,0.000,0.000,128.468,IDLE
1782278804.607874,56,1,0.000,0.000,128.468,IDLE
1782278804.607941,41,1,0.000,0.000,128.468,IDLE
1782278804.608007,52,1,0.000,0.000,128.468,IDLE
1782278804.608073,51,1,0.000,0.000,128.468,IDLE
1782278804.608140,19,1,0.000,0.000,128.468,IDLE
1782278804.608205,31,1,0.000,0.000,128.468,IDLE
1782278804.608271,33,1,0.000,0.000,128.468,IDLE
1782278804.608337,40,1,0.000,0.000,128.468,ATTACKING
1782278804.608404,42,1,0.000,0.000,128.468,ATTACKING
1782278804.608472,2,1,0.000,0.000,128.468,ATTACKING
1782278804.608539,20,1,0.000,0.000,128.468,ATTACKING
1782278804.706789,55,1,0.000,0.000,128.468,IDLE
1782278804.706965,3,1,0.000,0.000,128.468,IDLE
1782278804.707062,1,1,0.000,0.000,128.468,IDLE
1782278804.707140,43,1,0.000,0.000,128.468,IDLE
1782278804.707212,53,1,0.000,0.000,128.468,IDLE
1782278804.707283,4,1,0.000,0.000,128.468,IDLE
1782278804.707355,18,1,0.000,0.000,128.468,IDLE
1782278804.707425,21,1,0.000,0.000,128.468,IDLE
1782278804.707495,32,1,0.000,0.000,128.468,IDLE
1782278804.707562,57,1,0.000,0.000,128.468,IDLE
1782278804.707630,34,1,0.000,0.000,128.468,IDLE
1782278804.707696,50,1,0.000,0.000,128.468,IDLE
1782278804.707763,54,1,0.000,0.000,128.468,IDLE
1782278804.707831,56,1,0.000,0.000,128.468,IDLE
1782278804.707898,41,1,0.000,0.000,128.468,IDLE
1782278804.707965,52,1,0.000,0.000,128.468,IDLE
1782278804.708031,51,1,0.000,0.000,128.468,IDLE
1782278804.708097,19,1,0.000,0.000,128.468,IDLE
1782278804.708163,31,1,0.000,0.000,128.468,IDLE
1782278804.708230,33,1,0.000,0.000,128.468,IDLE
1782278804.708295,40,1,0.000,0.000,128.468,ATTACKING
1782278804.708363,42,1,0.000,0.000,128.468,ATTACKING
1782278804.708429,2,1,0.000,0.000,128.468,ATTACKING
1782278804.708497,20,1,0.000,0.000,128.468,ATTACKING
1782278804.806838,55,1,0.000,0.000,128.468,IDLE
1782278804.807012,3,1,0.000,0.000,128.468,IDLE
1782278804.807122,1,1,0.000,0.000,128.468,IDLE
1782278804.807200,43,1,0.000,0.000,128.468,IDLE
1782278804.807273,53,1,0.000,0.000,128.468,IDLE
1782278804.807344,4,1,0.000,0.000,128.468,IDLE
1782278804.807415,18,1,0.000,0.000,128.468,IDLE
1782278804.807486,21,1,0.000,0.000,128.468,IDLE
1782278804.807556,32,1,0.000,0.000,128.468,IDLE
1782278804.807626,57,1,0.000,0.000,128.468,IDLE
1782278804.807695,34,1,0.000,0.000,128.468,IDLE
1782278804.807763,50,1,0.000,0.000,128.468,IDLE
1782278804.807830,54,1,0.000,0.000,128.468,IDLE
1782278804.807897,56,1,0.000,0.000,128.468,IDLE
1782278804.807964,41,1,0.000,0.000,128.468,IDLE
1782278804.808032,52,1,0.000,0.000,128.468,IDLE
1782278804.808098,51,1,0.000,0.000,128.468,IDLE
1782278804.808166,19,1,0.000,0.000,128.468,IDLE
1782278804.808233,31,1,0.000,0.000,128.468,IDLE
1782278804.808300,33,1,0.000,0.000,128.468,IDLE
1782278804.808381,40,1,0.000,0.000,128.468,ATTACKING
1782278804.808455,42,1,0.000,0.000,128.468,ATTACKING
1782278804.808524,2,1,0.000,0.000,128.468,ATTACKING
1782278804.808592,20,1,0.000,0.000,128.468,ATTACKING
1782278804.906784,55,1,0.000,0.000,128.468,IDLE
1782278804.906956,3,1,0.000,0.000,128.468,IDLE
1782278804.907052,1,1,0.000,0.000,128.468,IDLE
1782278804.907128,43,1,0.000,0.000,128.468,IDLE
1782278804.907198,53,1,0.000,0.000,128.468,IDLE
1782278804.907266,4,1,0.000,0.000,128.468,IDLE
1782278804.907333,18,1,0.000,0.000,128.468,IDLE
1782278804.907402,21,1,0.000,0.000,128.468,IDLE
1782278804.907470,32,1,0.000,0.000,128.468,IDLE
1782278804.907539,57,1,0.000,0.000,128.468,IDLE
1782278804.907610,34,1,0.000,0.000,128.468,IDLE
1782278804.907678,50,1,0.000,0.000,128.468,IDLE
1782278804.907744,54,1,0.000,0.000,128.468,IDLE
1782278804.907810,56,1,0.000,0.000,128.468,IDLE
1782278804.907878,41,1,0.000,0.000,128.468,IDLE
1782278804.907945,52,1,0.000,0.000,128.468,IDLE
1782278804.908013,51,1,0.000,0.000,128.468,IDLE
1782278804.908081,19,1,0.000,0.000,128.468,IDLE
1782278804.908148,31,1,0.000,0.000,128.468,IDLE
1782278804.908216,33,1,0.000,0.000,128.468,IDLE
1782278804.908282,40,1,0.000,0.000,128.468,ATTACKING
1782278804.908350,42,1,0.000,0.000,128.468,ATTACKING
1782278804.908418,2,1,0.000,0.000,128.468,ATTACKING
1782278804.908486,20,1,0.000,0.000,128.468,ATTACKING
1782278805.006881,55,1,0.000,0.000,128.468,IDLE
1782278805.007053,3,1,0.000,0.000,128.468,IDLE
1782278805.007144,1,1,0.000,0.000,128.468,IDLE
1782278805.007218,43,1,0.000,0.000,128.468,IDLE
1782278805.007305,53,1,0.000,0.000,128.468,IDLE
1782278805.007375,4,1,0.000,0.000,128.468,IDLE
1782278805.007441,18,1,0.000,0.000,128.468,IDLE
1782278805.007507,21,1,0.000,0.000,128.468,IDLE
1782278805.007573,32,1,0.000,0.000,128.468,IDLE
1782278805.007638,57,1,0.000,0.000,128.468,IDLE
1782278805.007706,34,1,0.000,0.000,128.468,IDLE
1782278805.007771,50,1,0.000,0.000,128.468,IDLE
1782278805.007835,54,1,0.000,0.000,128.468,IDLE
1782278805.007899,56,1,0.000,0.000,128.468,IDLE
1782278805.007963,41,1,0.000,0.000,128.468,IDLE
1782278805.008029,52,1,0.000,0.000,128.468,IDLE
1782278805.008093,51,1,0.000,0.000,128.468,IDLE
1782278805.008159,19,1,0.000,0.000,128.468,IDLE
1782278805.008223,31,1,0.000,0.000,128.468,IDLE
1782278805.008288,33,1,0.000,0.000,128.468,IDLE
1782278805.008352,40,1,0.000,0.000,128.468,ATTACKING
1782278805.008417,42,1,0.000,0.000,128.468,ATTACKING
1782278805.008482,2,1,0.000,0.000,128.468,ATTACKING
1782278805.008547,20,1,0.000,0.000,128.468,ATTACKING
1782278805.106842,55,1,0.000,0.000,128.468,IDLE
1782278805.107013,3,1,0.000,0.000,128.468,IDLE
1782278805.107107,1,1,0.000,0.000,128.468,IDLE
1782278805.107183,43,1,0.000,0.000,128.468,IDLE
1782278805.107254,53,1,0.000,0.000,128.468,IDLE
1782278805.107323,4,1,0.000,0.000,128.468,IDLE
1782278805.107392,18,1,0.000,0.000,128.468,IDLE
1782278805.107460,21,1,0.000,0.000,128.468,IDLE
1782278805.107529,32,1,0.000,0.000,128.468,IDLE
1782278805.107598,57,1,0.000,0.000,128.468,IDLE
1782278805.107668,34,1,0.000,0.000,128.468,IDLE
1782278805.107737,50,1,0.000,0.000,128.468,IDLE
1782278805.107803,54,1,0.000,0.000,128.468,IDLE
1782278805.107872,56,1,0.000,0.000,128.468,IDLE
1782278805.107939,41,1,0.000,0.000,128.468,IDLE
1782278805.108007,52,1,0.000,0.000,128.468,IDLE
1782278805.108074,51,1,0.000,0.000,128.468,IDLE
1782278805.108140,19,1,0.000,0.000,128.468,IDLE
1782278805.108207,31,1,0.000,0.000,128.468,IDLE
1782278805.108274,33,1,0.000,0.000,128.468,IDLE
1782278805.108370,40,1,0.000,0.000,128.468,ATTACKING
1782278805.108446,42,1,0.000,0.000,128.468,ATTACKING
1782278805.108512,2,1,0.000,0.000,128.468,ATTACKING
1782278805.108578,20,1,0.000,0.000,128.468,ATTACKING
1782278805.206843,55,1,0.000,0.000,128.468,IDLE
1782278805.207017,3,1,0.000,0.000,128.468,IDLE
1782278805.207110,1,1,0.000,0.000,128.468,IDLE
1782278805.207186,43,1,0.000,0.000,128.468,IDLE
1782278805.207256,53,1,0.000,0.000,128.468,IDLE
1782278805.207325,4,1,0.000,0.000,128.468,IDLE
1782278805.207426,18,1,0.000,0.000,128.468,IDLE
1782278805.207501,21,1,0.000,0.000,128.468,IDLE
1782278805.207570,32,1,0.000,0.000,128.468,IDLE
1782278805.207640,57,1,0.000,0.000,128.468,IDLE
1782278805.207706,34,1,0.000,0.000,128.468,IDLE
1782278805.207772,50,1,0.000,0.000,128.468,IDLE
1782278805.207838,54,1,0.000,0.000,128.468,IDLE
1782278805.207904,56,1,0.000,0.000,128.468,IDLE
1782278805.207970,41,1,0.000,0.000,128.468,IDLE
1782278805.208037,52,1,0.000,0.000,128.468,IDLE
1782278805.208103,51,1,0.000,0.000,128.468,IDLE
1782278805.208170,19,1,0.000,0.000,128.468,IDLE
1782278805.208237,31,1,0.000,0.000,128.468,IDLE
1782278805.208304,33,1,0.000,0.000,128.468,IDLE
1782278805.208370,40,1,0.000,0.000,128.468,ATTACKING
1782278805.208437,42,1,0.000,0.000,128.468,ATTACKING
1782278805.208505,2,1,0.000,0.000,128.468,ATTACKING
1782278805.208572,20,1,0.000,0.000,128.468,ATTACKING
1782278805.306843,55,1,0.000,0.000,128.468,IDLE
1782278805.307018,3,1,0.000,0.000,128.468,IDLE
1782278805.307109,1,1,0.000,0.000,128.468,IDLE
1782278805.307186,43,1,0.000,0.000,128.468,IDLE
1782278805.307257,53,1,0.000,0.000,128.468,IDLE
1782278805.307327,4,1,0.000,0.000,128.468,IDLE
1782278805.307394,18,1,0.000,0.000,128.468,IDLE
1782278805.307463,21,1,0.000,0.000,128.468,IDLE
1782278805.307531,32,1,0.000,0.000,128.468,IDLE
1782278805.307603,57,1,0.000,0.000,128.468,IDLE
1782278805.307672,34,1,0.000,0.000,128.468,IDLE
1782278805.307739,50,1,0.000,0.000,128.468,IDLE
1782278805.307807,54,1,0.000,0.000,128.468,IDLE
1782278805.307874,56,1,0.000,0.000,128.468,IDLE
1782278805.307943,41,1,0.000,0.000,128.468,IDLE
1782278805.308011,52,1,0.000,0.000,128.468,IDLE
1782278805.308079,51,1,0.000,0.000,128.468,IDLE
1782278805.308148,19,1,0.000,0.000,128.468,IDLE
1782278805.308216,31,1,0.000,0.000,128.468,IDLE
1782278805.308283,33,1,0.000,0.000,128.468,IDLE
1782278805.308351,40,1,0.000,0.000,128.468,ATTACKING
1782278805.308419,42,1,0.000,0.000,128.468,ATTACKING
1782278805.308487,2,1,0.000,0.000,128.468,ATTACKING
1782278805.308555,20,1,0.000,0.000,128.468,ATTACKING
1782278805.406843,55,1,0.000,0.000,128.468,IDLE
1782278805.407014,3,1,0.000,0.000,128.468,IDLE
1782278805.407105,1,1,0.000,0.000,128.468,IDLE
1782278805.407182,43,1,0.000,0.000,128.468,IDLE
1782278805.407251,53,1,0.000,0.000,128.468,IDLE
1782278805.407320,4,1,0.000,0.000,128.468,IDLE
1782278805.407388,18,1,0.000,0.000,128.468,IDLE
1782278805.407457,21,1,0.000,0.000,128.468,IDLE
1782278805.407542,32,1,0.000,0.000,128.468,IDLE
1782278805.407616,57,1,0.000,0.000,128.468,IDLE
1782278805.407685,34,1,0.000,0.000,128.468,IDLE
1782278805.407751,50,1,0.000,0.000,128.468,IDLE
1782278805.407819,54,1,0.000,0.000,128.468,IDLE
1782278805.407885,56,1,0.000,0.000,128.468,IDLE
1782278805.407952,41,1,0.000,0.000,128.468,IDLE
1782278805.408020,52,1,0.000,0.000,128.468,IDLE
1782278805.408086,51,1,0.000,0.000,128.468,IDLE
1782278805.408153,19,1,0.000,0.000,128.468,IDLE
1782278805.408220,31,1,0.000,0.000,128.468,IDLE
1782278805.408287,33,1,0.000,0.000,128.468,IDLE
1782278805.408354,40,1,0.000,0.000,128.468,ATTACKING
1782278805.408421,42,1,0.000,0.000,128.468,ATTACKING
1782278805.408488,2,1,0.000,0.000,128.468,ATTACKING
1782278805.408556,20,1,0.000,0.000,128.468,ATTACKING
1782278805.506840,55,1,0.000,0.000,128.468,IDLE
1782278805.507013,3,1,0.000,0.000,128.468,IDLE
1782278805.507107,1,1,0.000,0.000,128.468,IDLE
1782278805.507182,43,1,0.000,0.000,128.468,IDLE
1782278805.507253,53,1,0.000,0.000,128.468,IDLE
1782278805.507321,4,1,0.000,0.000,128.468,IDLE
1782278805.507389,18,1,0.000,0.000,128.468,IDLE
1782278805.507456,21,1,0.000,0.000,128.468,IDLE
1782278805.507525,32,1,0.000,0.000,128.468,IDLE
1782278805.507596,57,1,0.000,0.000,128.468,IDLE
1782278805.507665,34,1,0.000,0.000,128.468,IDLE
1782278805.507733,50,1,0.000,0.000,128.468,IDLE
1782278805.507801,54,1,0.000,0.000,128.468,IDLE
1782278805.507868,56,1,0.000,0.000,128.468,IDLE
1782278805.507935,41,1,0.000,0.000,128.468,IDLE
1782278805.508003,52,1,0.000,0.000,128.468,IDLE
1782278805.508090,51,1,0.000,0.000,128.468,IDLE
1782278805.508164,19,1,0.000,0.000,128.468,IDLE
1782278805.508233,31,1,0.000,0.000,128.468,IDLE
1782278805.508301,33,1,0.000,0.000,128.468,IDLE
1782278805.508368,40,1,0.000,0.000,128.468,ATTACKING
1782278805.508436,42,1,0.000,0.000,128.468,ATTACKING
1782278805.508504,2,1,0.000,0.000,128.468,ATTACKING
1782278805.508572,20,1,0.000,0.000,128.468,ATTACKING
1782278805.606839,55,1,0.000,0.000,128.468,IDLE
1782278805.607011,3,1,0.000,0.000,128.468,IDLE
1782278805.607104,1,1,0.000,0.000,128.468,IDLE
1782278805.607180,43,1,0.000,0.000,128.468,IDLE
1782278805.607251,53,1,0.000,0.000,128.468,IDLE
1782278805.607321,4,1,0.000,0.000,128.468,IDLE
1782278805.607390,18,1,0.000,0.000,128.468,IDLE
1782278805.607459,21,1,0.000,0.000,128.468,IDLE
1782278805.607528,32,1,0.000,0.000,128.468,IDLE
1782278805.607601,57,1,0.000,0.000,128.468,IDLE
1782278805.607686,34,1,0.000,0.000,128.468,IDLE
1782278805.607759,50,1,0.000,0.000,128.468,IDLE
1782278805.607827,54,1,0.000,0.000,128.468,IDLE
1782278805.607894,56,1,0.000,0.000,128.468,IDLE
1782278805.607962,41,1,0.000,0.000,128.468,IDLE
1782278805.608029,52,1,0.000,0.000,128.468,IDLE
1782278805.608096,51,1,0.000,0.000,128.468,IDLE
1782278805.608163,19,1,0.000,0.000,128.468,IDLE
1782278805.608231,31,1,0.000,0.000,128.468,IDLE
1782278805.608299,33,1,0.000,0.000,128.468,IDLE
1782278805.608367,40,1,0.000,0.000,128.468,ATTACKING
1782278805.608435,42,1,0.000,0.000,128.468,ATTACKING
1782278805.608504,2,1,0.000,0.000,128.468,ATTACKING
1782278805.608572,20,1,0.000,0.000,128.468,ATTACKING
1782278805.706851,55,1,0.000,0.000,128.468,IDLE
1782278805.707024,3,1,0.000,0.000,128.468,IDLE
1782278805.707117,1,1,0.000,0.000,128.468,IDLE
1782278805.707191,43,1,0.000,0.000,128.468,IDLE
1782278805.707260,53,1,0.000,0.000,128.468,IDLE
1782278805.707379,4,1,0.000,0.000,128.468,IDLE
1782278805.707479,18,1,0.000,0.000,128.468,IDLE
1782278805.707548,21,1,0.000,0.000,128.468,IDLE
1782278805.707614,32,1,0.000,0.000,128.468,IDLE
1782278805.707681,57,1,0.000,0.000,128.468,IDLE
1782278805.707747,34,1,0.000,0.000,128.468,IDLE
1782278805.707812,50,1,0.000,0.000,128.468,IDLE
1782278805.707876,54,1,0.000,0.000,128.468,IDLE
1782278805.707940,56,1,0.000,0.000,128.468,IDLE
1782278805.708004,41,1,0.000,0.000,128.468,IDLE
1782278805.708068,52,1,0.000,0.000,128.468,IDLE
1782278805.708133,51,1,0.000,0.000,128.468,IDLE
1782278805.708197,19,1,0.000,0.000,128.468,IDLE
1782278805.708262,31,1,0.000,0.000,128.468,IDLE
1782278805.708326,33,1,0.000,0.000,128.468,IDLE
1782278805.708391,40,1,0.000,0.000,128.468,ATTACKING
1782278805.708457,42,1,0.000,0.000,128.468,ATTACKING
1782278805.708522,2,1,0.000,0.000,128.468,ATTACKING
1782278805.708586,20,1,0.000,0.000,128.468,ATTACKING
1782278805.806843,55,1,0.000,0.000,128.468,IDLE
1782278805.807022,3,1,0.000,0.000,128.468,IDLE
1782278805.807117,1,1,0.000,0.000,128.468,IDLE
1782278805.807193,43,1,0.000,0.000,128.468,IDLE
1782278805.807266,53,1,0.000,0.000,128.468,IDLE
1782278805.807336,4,1,0.000,0.000,128.468,IDLE
1782278805.807405,18,1,0.000,0.000,128.468,IDLE
1782278805.807474,21,1,0.000,0.000,128.468,IDLE
1782278805.807543,32,1,0.000,0.000,128.468,IDLE
1782278805.807611,57,1,0.000,0.000,128.468,IDLE
1782278805.807678,34,1,0.000,0.000,128.468,IDLE
1782278805.807747,50,1,0.000,0.000,128.468,IDLE
1782278805.807830,54,1,0.000,0.000,128.468,IDLE
1782278805.807901,56,1,0.000,0.000,128.468,IDLE
1782278805.807969,41,1,0.000,0.000,128.468,IDLE
1782278805.808036,52,1,0.000,0.000,128.468,IDLE
1782278805.808103,51,1,0.000,0.000,128.468,IDLE
1782278805.808170,19,1,0.000,0.000,128.468,IDLE
1782278805.808237,31,1,0.000,0.000,128.468,IDLE
1782278805.808304,33,1,0.000,0.000,128.468,IDLE
1782278805.808372,40,1,0.000,0.000,128.468,ATTACKING
1782278805.808440,42,1,0.000,0.000,128.468,ATTACKING
1782278805.808507,2,1,0.000,0.000,128.468,ATTACKING
1782278805.808573,20,1,0.000,0.000,128.468,ATTACKING
1782278805.906851,55,1,0.000,0.000,128.468,IDLE
1782278805.907022,3,1,0.000,0.000,128.468,IDLE
1782278805.907114,1,1,0.000,0.000,128.468,IDLE
1782278805.907207,43,1,0.000,0.000,128.468,IDLE
1782278805.907286,53,1,0.000,0.000,128.468,IDLE
1782278805.907357,4,1,0.000,0.000,128.468,IDLE
1782278805.907425,18,1,0.000,0.000,128.468,IDLE
1782278805.907493,21,1,0.000,0.000,128.468,IDLE
1782278805.907563,32,1,0.000,0.000,128.468,IDLE
1782278805.907633,57,1,0.000,0.000,128.468,IDLE
1782278805.907702,34,1,0.000,0.000,128.468,IDLE
1782278805.907770,50,1,0.000,0.000,128.468,IDLE
1782278805.907838,54,1,0.000,0.000,128.468,IDLE
1782278805.907905,56,1,0.000,0.000,128.468,IDLE
1782278805.907973,41,1,0.000,0.000,128.468,IDLE
1782278805.908040,52,1,0.000,0.000,128.468,IDLE
1782278805.908108,51,1,0.000,0.000,128.468,IDLE
1782278805.908175,19,1,0.000,0.000,128.468,IDLE
1782278805.908242,31,1,0.000,0.000,128.468,IDLE
1782278805.908310,33,1,0.000,0.000,128.468,IDLE
1782278805.908377,40,1,0.000,0.000,128.468,ATTACKING
1782278805.908445,42,1,0.000,0.000,128.468,ATTACKING
1782278805.908513,2,1,0.000,0.000,128.468,ATTACKING
1782278805.908581,20,1,0.000,0.000,128.468,ATTACKING
1782278806.006847,55,1,0.000,0.000,128.468,IDLE
1782278806.007019,3,1,0.000,0.000,128.468,IDLE
1782278806.007113,1,1,0.000,0.000,128.468,IDLE
1782278806.007186,43,1,0.000,0.000,128.468,IDLE
1782278806.007257,53,1,0.000,0.000,128.468,IDLE
1782278806.007328,4,1,0.000,0.000,128.468,IDLE
1782278806.007395,18,1,0.000,0.000,128.468,IDLE
1782278806.007463,21,1,0.000,0.000,128.468,IDLE
1782278806.007530,32,1,0.000,0.000,128.468,IDLE
1782278806.007601,57,1,0.000,0.000,128.468,IDLE
1782278806.007668,34,1,0.000,0.000,128.468,IDLE
1782278806.007735,50,1,0.000,0.000,128.468,IDLE
1782278806.007801,54,1,0.000,0.000,128.468,IDLE
1782278806.007869,56,1,0.000,0.000,128.468,IDLE
1782278806.007950,41,1,0.000,0.000,128.468,IDLE
1782278806.008022,52,1,0.000,0.000,128.468,IDLE
1782278806.008088,51,1,0.000,0.000,128.468,IDLE
1782278806.008156,19,1,0.000,0.000,128.468,IDLE
1782278806.008223,31,1,0.000,0.000,128.468,IDLE
1782278806.008290,33,1,0.000,0.000,128.468,IDLE
1782278806.008357,40,1,0.000,0.000,128.468,ATTACKING
1782278806.008425,42,1,0.000,0.000,128.468,ATTACKING
1782278806.008492,2,1,0.000,0.000,128.468,ATTACKING
1782278806.008559,20,1,0.000,0.000,128.468,ATTACKING
1782278806.106799,55,1,0.000,0.000,128.468,IDLE
1782278806.106972,3,1,0.000,0.000,128.468,IDLE
1782278806.107067,1,1,0.000,0.000,128.468,IDLE
1782278806.107145,43,1,0.000,0.000,128.468,IDLE
1782278806.107216,53,1,0.000,0.000,128.468,IDLE
1782278806.107284,4,1,0.000,0.000,128.468,IDLE
1782278806.107352,18,1,0.000,0.000,128.468,IDLE
1782278806.107419,21,1,0.000,0.000,128.468,IDLE
1782278806.107486,32,1,0.000,0.000,128.468,IDLE
1782278806.107556,57,1,0.000,0.000,128.468,IDLE
1782278806.107625,34,1,0.000,0.000,128.468,IDLE
1782278806.107691,50,1,0.000,0.000,128.468,IDLE
1782278806.107757,54,1,0.000,0.000,128.468,IDLE
1782278806.107823,56,1,0.000,0.000,128.468,IDLE
1782278806.107890,41,1,0.000,0.000,128.468,IDLE
1782278806.107957,52,1,0.000,0.000,128.468,IDLE
1782278806.108023,51,1,0.000,0.000,128.468,IDLE
1782278806.108089,19,1,0.000,0.000,128.468,IDLE
1782278806.108156,31,1,0.000,0.000,128.468,IDLE
1782278806.108223,33,1,0.000,0.000,128.468,IDLE
1782278806.108289,40,1,0.000,0.000,128.468,ATTACKING
1782278806.108356,42,1,0.000,0.000,128.468,ATTACKING
1782278806.108423,2,1,0.000,0.000,128.468,ATTACKING
1782278806.108490,20,1,0.000,0.000,128.468,ATTACKING
1782278806.206785,55,1,0.000,0.000,128.468,IDLE
1782278806.206960,3,1,0.000,0.000,128.468,IDLE
1782278806.207053,1,1,0.000,0.000,128.468,IDLE
1782278806.207127,43,1,0.000,0.000,128.468,IDLE
1782278806.207200,53,1,0.000,0.000,128.468,IDLE
1782278806.207268,4,1,0.000,0.000,128.468,IDLE
1782278806.207337,18,1,0.000,0.000,128.468,IDLE
1782278806.207405,21,1,0.000,0.000,128.468,IDLE
1782278806.207475,32,1,0.000,0.000,128.468,IDLE
1782278806.207548,57,1,0.000,0.000,128.468,IDLE
1782278806.207618,34,1,0.000,0.000,128.468,IDLE
1782278806.207685,50,1,0.000,0.000,128.468,IDLE
1782278806.207751,54,1,0.000,0.000,128.468,IDLE
1782278806.207844,56,1,0.000,0.000,128.468,IDLE
1782278806.207918,41,1,0.000,0.000,128.468,IDLE
1782278806.207988,52,1,0.000,0.000,128.468,IDLE
1782278806.208071,51,1,0.000,0.000,128.468,IDLE
1782278806.208141,19,1,0.000,0.000,128.468,IDLE
1782278806.208208,31,1,0.000,0.000,128.468,IDLE
1782278806.208276,33,1,0.000,0.000,128.468,IDLE
1782278806.208344,40,1,0.000,0.000,128.468,ATTACKING
1782278806.208413,42,1,0.000,0.000,128.468,ATTACKING
1782278806.208480,2,1,0.000,0.000,128.468,ATTACKING
1782278806.208548,20,1,0.000,0.000,128.468,ATTACKING
1782278806.306851,55,1,0.000,0.000,128.468,IDLE
1782278806.307026,3,1,0.000,0.000,128.468,IDLE
1782278806.307121,1,1,0.000,0.000,128.468,IDLE
1782278806.307198,43,1,0.000,0.000,128.468,IDLE
1782278806.307270,53,1,0.000,0.000,128.468,IDLE
1782278806.307342,4,1,0.000,0.000,128.468,IDLE
1782278806.307411,18,1,0.000,0.000,128.468,IDLE
1782278806.307483,21,1,0.000,0.000,128.468,IDLE
1782278806.307553,32,1,0.000,0.000,128.468,IDLE
1782278806.307623,57,1,0.000,0.000,128.468,IDLE
1782278806.307692,34,1,0.000,0.000,128.468,IDLE
1782278806.307761,50,1,0.000,0.000,128.468,IDLE
1782278806.307830,54,1,0.000,0.000,128.468,IDLE
1782278806.307898,56,1,0.000,0.000,128.468,IDLE
1782278806.307966,41,1,0.000,0.000,128.468,IDLE
1782278806.308036,52,1,0.000,0.000,128.468,IDLE
1782278806.308105,51,1,0.000,0.000,128.468,IDLE
1782278806.308174,19,1,0.000,0.000,128.468,IDLE
1782278806.308242,31,1,0.000,0.000,128.468,IDLE
1782278806.308311,33,1,0.000,0.000,128.468,IDLE
1782278806.308380,40,1,0.000,0.000,128.468,ATTACKING
1782278806.308449,42,1,0.000,0.000,128.468,ATTACKING
1782278806.308518,2,1,0.000,0.000,128.468,ATTACKING
1782278806.308586,20,1,0.000,0.000,128.468,ATTACKING
1782278806.406843,55,1,0.000,0.000,128.468,IDLE
1782278806.407015,3,1,0.000,0.000,128.468,IDLE
1782278806.407109,1,1,0.000,0.000,128.468,IDLE
1782278806.407215,43,1,0.000,0.000,128.468,IDLE
1782278806.407288,53,1,0.000,0.000,128.468,IDLE
1782278806.407354,4,1,0.000,0.000,128.468,IDLE
1782278806.407418,18,1,0.000,0.000,128.468,IDLE
1782278806.407482,21,1,0.000,0.000,128.468,IDLE
1782278806.407549,32,1,0.000,0.000,128.468,IDLE
1782278806.407614,57,1,0.000,0.000,128.468,IDLE
1782278806.407679,34,1,0.000,0.000,128.468,IDLE
1782278806.407745,50,1,0.000,0.000,128.468,IDLE
1782278806.407810,54,1,0.000,0.000,128.468,IDLE
1782278806.407875,56,1,0.000,0.000,128.468,IDLE
1782278806.407938,41,1,0.000,0.000,128.468,IDLE
1782278806.408002,52,1,0.000,0.000,128.468,IDLE
1782278806.408067,51,1,0.000,0.000,128.468,IDLE
1782278806.408132,19,1,0.000,0.000,128.468,IDLE
1782278806.408213,31,1,0.000,0.000,128.468,IDLE
1782278806.408282,33,1,0.000,0.000,128.468,IDLE
1782278806.408348,40,1,0.000,0.000,128.468,ATTACKING
1782278806.408413,42,1,0.000,0.000,128.468,ATTACKING
1782278806.408478,2,1,0.000,0.000,128.468,ATTACKING
1782278806.408543,20,1,0.000,0.000,128.468,ATTACKING
1782278806.506854,55,1,0.000,0.000,128.468,IDLE
1782278806.507027,3,1,0.000,0.000,128.468,IDLE
1782278806.507119,1,1,0.000,0.000,128.468,IDLE
1782278806.507194,43,1,0.000,0.000,128.468,IDLE
1782278806.507267,53,1,0.000,0.000,128.468,IDLE
1782278806.507336,4,1,0.000,0.000,128.468,IDLE
1782278806.507404,18,1,0.000,0.000,128.468,IDLE
1782278806.507470,21,1,0.000,0.000,128.468,IDLE
1782278806.507540,32,1,0.000,0.000,128.468,IDLE
1782278806.507607,57,1,0.000,0.000,128.468,IDLE
1782278806.507674,34,1,0.000,0.000,128.468,IDLE
1782278806.507741,50,1,0.000,0.000,128.468,IDLE
1782278806.507808,54,1,0.000,0.000,128.468,IDLE
1782278806.507874,56,1,0.000,0.000,128.468,IDLE
1782278806.507941,41,1,0.000,0.000,128.468,IDLE
1782278806.508007,52,1,0.000,0.000,128.468,IDLE
1782278806.508074,51,1,0.000,0.000,128.468,IDLE
1782278806.508140,19,1,0.000,0.000,128.468,IDLE
1782278806.508206,31,1,0.000,0.000,128.468,IDLE
1782278806.508273,33,1,0.000,0.000,128.468,IDLE
1782278806.508341,40,1,0.000,0.000,128.468,ATTACKING
1782278806.508406,42,1,0.000,0.000,128.468,ATTACKING
1782278806.508473,2,1,0.000,0.000,128.468,ATTACKING
1782278806.508540,20,1,0.000,0.000,128.468,ATTACKING
1782278806.606857,55,1,0.000,0.000,128.468,IDLE
1782278806.607031,3,1,0.000,0.000,128.468,IDLE
1782278806.607123,1,1,0.000,0.000,128.468,IDLE
1782278806.607197,43,1,0.000,0.000,128.468,IDLE
1782278806.607267,53,1,0.000,0.000,128.468,IDLE
1782278806.607335,4,1,0.000,0.000,128.468,IDLE
1782278806.607400,18,1,0.000,0.000,128.468,IDLE
1782278806.607467,21,1,0.000,0.000,128.468,IDLE
1782278806.607536,32,1,0.000,0.000,128.468,IDLE
1782278806.607603,57,1,0.000,0.000,128.468,IDLE
1782278806.607670,34,1,0.000,0.000,128.468,IDLE
1782278806.607738,50,1,0.000,0.000,128.468,IDLE
1782278806.607805,54,1,0.000,0.000,128.468,IDLE
1782278806.607872,56,1,0.000,0.000,128.468,IDLE
1782278806.607937,41,1,0.000,0.000,128.468,IDLE
1782278806.608003,52,1,0.000,0.000,128.468,IDLE
1782278806.608069,51,1,0.000,0.000,128.468,IDLE
1782278806.608136,19,1,0.000,0.000,128.468,IDLE
1782278806.608203,31,1,0.000,0.000,128.468,IDLE
1782278806.608271,33,1,0.000,0.000,128.468,IDLE
1782278806.608354,40,1,0.000,0.000,128.468,ATTACKING
1782278806.608426,42,1,0.000,0.000,128.468,ATTACKING
1782278806.608494,2,1,0.000,0.000,128.468,ATTACKING
1782278806.608562,20,1,0.000,0.000,128.468,ATTACKING
1782278806.706858,55,1,0.000,0.000,128.468,IDLE
1782278806.707034,3,1,0.000,0.000,128.468,IDLE
1782278806.707126,1,1,0.000,0.000,128.468,IDLE
1782278806.707201,43,1,0.000,0.000,128.468,IDLE
1782278806.707271,53,1,0.000,0.000,128.468,IDLE
1782278806.707338,4,1,0.000,0.000,128.468,IDLE
1782278806.707407,18,1,0.000,0.000,128.468,IDLE
1782278806.707474,21,1,0.000,0.000,128.468,IDLE
1782278806.707546,32,1,0.000,0.000,128.468,IDLE
1782278806.707613,57,1,0.000,0.000,128.468,IDLE
1782278806.707680,34,1,0.000,0.000,128.468,IDLE
1782278806.707746,50,1,0.000,0.000,128.468,IDLE
1782278806.707813,54,1,0.000,0.000,128.468,IDLE
1782278806.707880,56,1,0.000,0.000,128.468,IDLE
1782278806.707946,41,1,0.000,0.000,128.468,IDLE
1782278806.708013,52,1,0.000,0.000,128.468,IDLE
1782278806.708080,51,1,0.000,0.000,128.468,IDLE
1782278806.708147,19,1,0.000,0.000,128.468,IDLE
1782278806.708214,31,1,0.000,0.000,128.468,IDLE
1782278806.708280,33,1,0.000,0.000,128.468,IDLE
1782278806.708347,40,1,0.000,0.000,128.468,ATTACKING
1782278806.708414,42,1,0.000,0.000,128.468,ATTACKING
1782278806.708481,2,1,0.000,0.000,128.468,ATTACKING
1782278806.708549,20,1,0.000,0.000,128.468,ATTACKING
1782278806.806845,55,1,0.000,0.000,128.468,IDLE
1782278806.807018,3,1,0.000,0.000,128.468,IDLE
1782278806.807113,1,1,0.000,0.000,128.468,IDLE
1782278806.807187,43,1,0.000,0.000,128.468,IDLE
1782278806.807256,53,1,0.000,0.000,128.468,IDLE
1782278806.807325,4,1,0.000,0.000,128.468,IDLE
1782278806.807392,18,1,0.000,0.000,128.468,IDLE
1782278806.807459,21,1,0.000,0.000,128.468,IDLE
1782278806.807529,32,1,0.000,0.000,128.468,IDLE
1782278806.807597,57,1,0.000,0.000,128.468,IDLE
1782278806.807664,34,1,0.000,0.000,128.468,IDLE
1782278806.807733,50,1,0.000,0.000,128.468,IDLE
1782278806.807799,54,1,0.000,0.000,128.468,IDLE
1782278806.807865,56,1,0.000,0.000,128.468,IDLE
1782278806.807931,41,1,0.000,0.000,128.468,IDLE
1782278806.807996,52,1,0.000,0.000,128.468,IDLE
1782278806.808063,51,1,0.000,0.000,128.468,IDLE
1782278806.808129,19,1,0.000,0.000,128.468,IDLE
1782278806.808196,31,1,0.000,0.000,128.468,IDLE
1782278806.808263,33,1,0.000,0.000,128.468,IDLE
1782278806.808330,40,1,0.000,0.000,128.468,ATTACKING
1782278806.808397,42,1,0.000,0.000,128.468,ATTACKING
1782278806.808480,2,1,0.000,0.000,128.468,ATTACKING
1782278806.808553,20,1,0.000,0.000,128.468,ATTACKING
1782278806.906846,55,1,0.000,0.000,128.468,IDLE
1782278806.907024,3,1,0.000,0.000,128.468,IDLE
1782278806.907119,1,1,0.000,0.000,128.468,IDLE
1782278806.907197,43,1,0.000,0.000,128.468,IDLE
1782278806.907267,53,1,0.000,0.000,128.468,IDLE
1782278806.907337,4,1,0.000,0.000,128.468,IDLE
1782278806.907407,18,1,0.000,0.000,128.468,IDLE
1782278806.907477,21,1,0.000,0.000,128.468,IDLE
1782278806.907546,32,1,0.000,0.000,128.468,IDLE
1782278806.907614,57,1,0.000,0.000,128.468,IDLE
1782278806.907700,34,1,0.000,0.000,128.468,IDLE
1782278806.907775,50,1,0.000,0.000,128.468,IDLE
1782278806.907843,54,1,0.000,0.000,128.468,IDLE
1782278806.907910,56,1,0.000,0.000,128.468,IDLE
1782278806.907977,41,1,0.000,0.000,128.468,IDLE
1782278806.908043,52,1,0.000,0.000,128.468,IDLE
1782278806.908110,51,1,0.000,0.000,128.468,IDLE
1782278806.908178,19,1,0.000,0.000,128.468,IDLE
1782278806.908245,31,1,0.000,0.000,128.468,IDLE
1782278806.908312,33,1,0.000,0.000,128.468,IDLE
1782278806.908379,40,1,0.000,0.000,128.468,ATTACKING
1782278806.908447,42,1,0.000,0.000,128.468,ATTACKING
1782278806.908515,2,1,0.000,0.000,128.468,ATTACKING
1782278806.908584,20,1,0.000,0.000,128.468,ATTACKING
1782278807.006846,55,1,0.000,0.000,128.468,IDLE
1782278807.007020,3,1,0.000,0.000,128.468,IDLE
1782278807.007115,1,1,0.000,0.000,128.468,IDLE
1782278807.007191,43,1,0.000,0.000,128.468,IDLE
1782278807.007262,53,1,0.000,0.000,128.468,IDLE
1782278807.007330,4,1,0.000,0.000,128.468,IDLE
1782278807.007397,18,1,0.000,0.000,128.468,IDLE
1782278807.007468,21,1,0.000,0.000,128.468,IDLE
1782278807.007535,32,1,0.000,0.000,128.468,IDLE
1782278807.007601,57,1,0.000,0.000,128.468,IDLE
1782278807.007668,34,1,0.000,0.000,128.468,IDLE
1782278807.007735,50,1,0.000,0.000,128.468,IDLE
1782278807.007800,54,1,0.000,0.000,128.468,IDLE
1782278807.007866,56,1,0.000,0.000,128.468,IDLE
1782278807.007931,41,1,0.000,0.000,128.468,IDLE
1782278807.007997,52,1,0.000,0.000,128.468,IDLE
1782278807.008063,51,1,0.000,0.000,128.468,IDLE
1782278807.008128,19,1,0.000,0.000,128.468,IDLE
1782278807.008194,31,1,0.000,0.000,128.468,IDLE
1782278807.008260,33,1,0.000,0.000,128.468,IDLE
1782278807.008325,40,1,0.000,0.000,128.468,ATTACKING
1782278807.008392,42,1,0.000,0.000,128.468,ATTACKING
1782278807.008459,2,1,0.000,0.000,128.468,ATTACKING
1782278807.008527,20,1,0.000,0.000,128.468,ATTACKING
1782278807.106860,55,1,0.000,0.000,128.468,IDLE
1782278807.107033,3,1,0.000,0.000,128.468,IDLE
1782278807.107126,1,1,0.000,0.000,128.468,IDLE
1782278807.107203,43,1,0.000,0.000,128.468,IDLE
1782278807.107274,53,1,0.000,0.000,128.468,IDLE
1782278807.107344,4,1,0.000,0.000,128.468,IDLE
1782278807.107412,18,1,0.000,0.000,128.468,IDLE
1782278807.107482,21,1,0.000,0.000,128.468,IDLE
1782278807.107550,32,1,0.000,0.000,128.468,IDLE
1782278807.107617,57,1,0.000,0.000,128.468,IDLE
1782278807.107685,34,1,0.000,0.000,128.468,IDLE
1782278807.107752,50,1,0.000,0.000,128.468,IDLE
1782278807.107819,54,1,0.000,0.000,128.468,IDLE
1782278807.107886,56,1,0.000,0.000,128.468,IDLE
1782278807.107952,41,1,0.000,0.000,128.468,IDLE
1782278807.108019,52,1,0.000,0.000,128.468,IDLE
1782278807.108086,51,1,0.000,0.000,128.468,IDLE
1782278807.108153,19,1,0.000,0.000,128.468,IDLE
1782278807.108219,31,1,0.000,0.000,128.468,IDLE
1782278807.108285,33,1,0.000,0.000,128.468,IDLE
1782278807.108351,40,1,0.000,0.000,128.468,ATTACKING
1782278807.108418,42,1,0.000,0.000,128.468,ATTACKING
1782278807.108484,2,1,0.000,0.000,128.468,ATTACKING
1782278807.108552,20,1,0.000,0.000,128.468,ATTACKING
1782278807.206857,55,1,0.000,0.000,128.468,IDLE
1782278807.207031,3,1,0.000,0.000,128.468,IDLE
1782278807.207122,1,1,0.000,0.000,128.468,IDLE
1782278807.207197,43,1,0.000,0.000,128.468,IDLE
1782278807.207269,53,1,0.000,0.000,128.468,IDLE
1782278807.207339,4,1,0.000,0.000,128.468,IDLE
1782278807.207408,18,1,0.000,0.000,128.468,IDLE
1782278807.207480,21,1,0.000,0.000,128.468,IDLE
1782278807.207551,32,1,0.000,0.000,128.468,IDLE
1782278807.207620,57,1,0.000,0.000,128.468,IDLE
1782278807.207688,34,1,0.000,0.000,128.468,IDLE
1782278807.207757,50,1,0.000,0.000,128.468,IDLE
1782278807.207826,54,1,0.000,0.000,128.468,IDLE
1782278807.207894,56,1,0.000,0.000,128.468,IDLE
1782278807.207962,41,1,0.000,0.000,128.468,IDLE
1782278807.208030,52,1,0.000,0.000,128.468,IDLE
1782278807.208097,51,1,0.000,0.000,128.468,IDLE
1782278807.208166,19,1,0.000,0.000,128.468,IDLE
1782278807.208233,31,1,0.000,0.000,128.468,IDLE
1782278807.208301,33,1,0.000,0.000,128.468,IDLE
1782278807.208370,40,1,0.000,0.000,128.468,ATTACKING
1782278807.208457,42,1,0.000,0.000,128.468,ATTACKING
1782278807.208534,2,1,0.000,0.000,128.468,ATTACKING
1782278807.208603,20,1,0.000,0.000,128.468,ATTACKING
1782278807.306850,55,1,0.000,0.000,128.468,IDLE
1782278807.307023,3,1,0.000,0.000,128.468,IDLE
1782278807.307131,1,1,0.000,0.000,128.468,IDLE
1782278807.307209,43,1,0.000,0.000,128.468,IDLE
1782278807.307282,53,1,0.000,0.000,128.468,IDLE
1782278807.307349,4,1,0.000,0.000,128.468,IDLE
1782278807.307417,18,1,0.000,0.000,128.468,IDLE
1782278807.307485,21,1,0.000,0.000,128.468,IDLE
1782278807.307553,32,1,0.000,0.000,128.468,IDLE
1782278807.307620,57,1,0.000,0.000,128.468,IDLE
1782278807.307687,34,1,0.000,0.000,128.468,IDLE
1782278807.307752,50,1,0.000,0.000,128.468,IDLE
1782278807.307818,54,1,0.000,0.000,128.468,IDLE
1782278807.307883,56,1,0.000,0.000,128.468,IDLE
1782278807.307949,41,1,0.000,0.000,128.468,IDLE
1782278807.308014,52,1,0.000,0.000,128.468,IDLE
1782278807.308080,51,1,0.000,0.000,128.468,IDLE
1782278807.308146,19,1,0.000,0.000,128.468,IDLE
1782278807.308213,31,1,0.000,0.000,128.468,IDLE
1782278807.308279,33,1,0.000,0.000,128.468,IDLE
1782278807.308345,40,1,0.000,0.000,128.468,ATTACKING
1782278807.308411,42,1,0.000,0.000,128.468,ATTACKING
1782278807.308478,2,1,0.000,0.000,128.468,ATTACKING
1782278807.308544,20,1,0.000,0.000,128.468,ATTACKING
1782278807.406785,55,1,0.000,0.000,128.468,IDLE
1782278807.406956,3,1,0.000,0.000,128.468,IDLE
1782278807.407048,1,1,0.000,0.000,128.468,IDLE
1782278807.407123,43,1,0.000,0.000,128.468,IDLE
1782278807.407194,53,1,0.000,0.000,128.468,IDLE
1782278807.407262,4,1,0.000,0.000,128.468,IDLE
1782278807.407330,18,1,0.000,0.000,128.468,IDLE
1782278807.407399,21,1,0.000,0.000,128.468,IDLE
1782278807.407467,32,1,0.000,0.000,128.468,IDLE
1782278807.407533,57,1,0.000,0.000,128.468,IDLE
1782278807.407601,34,1,0.000,0.000,128.468,IDLE
1782278807.407668,50,1,0.000,0.000,128.468,IDLE
1782278807.407735,54,1,0.000,0.000,128.468,IDLE
1782278807.407801,56,1,0.000,0.000,128.468,IDLE
1782278807.407868,41,1,0.000,0.000,128.468,IDLE
1782278807.407934,52,1,0.000,0.000,128.468,IDLE
1782278807.408001,51,1,0.000,0.000,128.468,IDLE
1782278807.408067,19,1,0.000,0.000,128.468,IDLE
1782278807.408134,31,1,0.000,0.000,128.468,IDLE
1782278807.408201,33,1,0.000,0.000,128.468,IDLE
1782278807.408268,40,1,0.000,0.000,128.468,ATTACKING
1782278807.408335,42,1,0.000,0.000,128.468,ATTACKING
1782278807.408403,2,1,0.000,0.000,128.468,ATTACKING
1782278807.408471,20,1,0.000,0.000,128.468,ATTACKING
1782278807.506782,55,1,0.000,0.000,128.468,IDLE
1782278807.506987,3,1,0.000,0.000,128.468,IDLE
1782278807.508674,1,1,0.000,0.000,128.468,IDLE
1782278807.508826,43,1,0.000,0.000,128.468,IDLE
1782278807.508933,53,1,0.000,0.000,128.468,IDLE
1782278807.509018,4,1,0.000,0.000,128.468,IDLE
1782278807.509103,18,1,0.000,0.000,128.468,IDLE
1782278807.509172,21,1,0.000,0.000,128.468,IDLE
1782278807.509239,32,1,0.000,0.000,128.468,IDLE
1782278807.509305,57,1,0.000,0.000,128.468,IDLE
1782278807.509375,34,1,0.000,0.000,128.468,IDLE
1782278807.509441,50,1,0.000,0.000,128.468,IDLE
1782278807.509507,54,1,0.000,0.000,128.468,IDLE
1782278807.509573,56,1,0.000,0.000,128.468,IDLE
1782278807.509638,41,1,0.000,0.000,128.468,IDLE
1782278807.509703,52,1,0.000,0.000,128.468,IDLE
1782278807.509768,51,1,0.000,0.000,128.468,IDLE
1782278807.509833,19,1,0.000,0.000,128.468,IDLE
1782278807.509898,31,1,0.000,0.000,128.468,IDLE
1782278807.509963,33,1,0.000,0.000,128.468,IDLE
1782278807.510028,40,1,0.000,0.000,128.468,ATTACKING
1782278807.510094,42,1,0.000,0.000,128.468,ATTACKING
1782278807.510161,2,1,0.000,0.000,128.468,ATTACKING
1782278807.510225,20,1,0.000,0.000,128.468,ATTACKING
1782278807.606842,55,1,0.000,0.000,128.468,IDLE
1782278807.607018,3,1,0.000,0.000,128.468,IDLE
1782278807.607109,1,1,0.000,0.000,128.468,IDLE
1782278807.607182,43,1,0.000,0.000,128.468,IDLE
1782278807.607255,53,1,0.000,0.000,128.468,IDLE
1782278807.607323,4,1,0.000,0.000,128.468,IDLE
1782278807.607392,18,1,0.000,0.000,128.468,IDLE
1782278807.607480,21,1,0.000,0.000,128.468,IDLE
1782278807.607553,32,1,0.000,0.000,128.468,IDLE
1782278807.607620,57,1,0.000,0.000,128.468,IDLE
1782278807.607686,34,1,0.000,0.000,128.468,IDLE
1782278807.607751,50,1,0.000,0.000,128.468,IDLE
1782278807.607818,54,1,0.000,0.000,128.468,IDLE
1782278807.607883,56,1,0.000,0.000,128.468,IDLE
1782278807.607949,41,1,0.000,0.000,128.468,IDLE
1782278807.608014,52,1,0.000,0.000,128.468,IDLE
1782278807.608173,51,1,0.000,0.000,128.468,IDLE
1782278807.608266,19,1,0.000,0.000,128.468,IDLE
1782278807.608335,31,1,0.000,0.000,128.468,IDLE
1782278807.608400,33,1,0.000,0.000,128.468,IDLE
1782278807.608466,40,1,0.000,0.000,128.468,ATTACKING
1782278807.608531,42,1,0.000,0.000,128.468,ATTACKING
1782278807.608598,2,1,0.000,0.000,128.468,ATTACKING
1782278807.608663,20,1,0.000,0.000,128.468,ATTACKING
1782278807.706845,55,1,0.000,0.000,128.468,IDLE
1782278807.707019,3,1,0.000,0.000,128.468,IDLE
1782278807.707111,1,1,0.000,0.000,128.468,IDLE
1782278807.707186,43,1,0.000,0.000,128.468,IDLE
1782278807.707257,53,1,0.000,0.000,128.468,IDLE
1782278807.707327,4,1,0.000,0.000,128.468,IDLE
1782278807.707415,18,1,0.000,0.000,128.468,IDLE
1782278807.707486,21,1,0.000,0.000,128.468,IDLE
1782278807.707555,32,1,0.000,0.000,128.468,IDLE
1782278807.707623,57,1,0.000,0.000,128.468,IDLE
1782278807.707691,34,1,0.000,0.000,128.468,IDLE
1782278807.707758,50,1,0.000,0.000,128.468,IDLE
1782278807.707826,54,1,0.000,0.000,128.468,IDLE
1782278807.707892,56,1,0.000,0.000,128.468,IDLE
1782278807.707960,41,1,0.000,0.000,128.468,IDLE
1782278807.708026,52,1,0.000,0.000,128.468,IDLE
1782278807.708092,51,1,0.000,0.000,128.468,IDLE
1782278807.708158,19,1,0.000,0.000,128.468,IDLE
1782278807.708225,31,1,0.000,0.000,128.468,IDLE
1782278807.708292,33,1,0.000,0.000,128.468,IDLE
1782278807.708359,40,1,0.000,0.000,128.468,ATTACKING
1782278807.708426,42,1,0.000,0.000,128.468,ATTACKING
1782278807.708495,2,1,0.000,0.000,128.468,ATTACKING
1782278807.708561,20,1,0.000,0.000,128.468,ATTACKING
1782278807.806852,55,1,0.000,0.000,128.468,IDLE
1782278807.807028,3,1,0.000,0.000,128.468,IDLE
1782278807.807122,1,1,0.000,0.000,128.468,IDLE
1782278807.807199,43,1,0.000,0.000,128.468,IDLE
1782278807.807271,53,1,0.000,0.000,128.468,IDLE
1782278807.807339,4,1,0.000,0.000,128.468,IDLE
1782278807.807411,18,1,0.000,0.000,128.468,IDLE
1782278807.807479,21,1,0.000,0.000,128.468,IDLE
1782278807.807545,32,1,0.000,0.000,128.468,IDLE
1782278807.807613,57,1,0.000,0.000,128.468,IDLE
1782278807.807681,34,1,0.000,0.000,128.468,IDLE
1782278807.807748,50,1,0.000,0.000,128.468,IDLE
1782278807.807815,54,1,0.000,0.000,128.468,IDLE
1782278807.807882,56,1,0.000,0.000,128.468,IDLE
1782278807.807950,41,1,0.000,0.000,128.468,IDLE
1782278807.808017,52,1,0.000,0.000,128.468,IDLE
1782278807.808083,51,1,0.000,0.000,128.468,IDLE
1782278807.808150,19,1,0.000,0.000,128.468,IDLE
1782278807.808217,31,1,0.000,0.000,128.468,IDLE
1782278807.808283,33,1,0.000,0.000,128.468,IDLE
1782278807.808351,40,1,0.000,0.000,128.468,ATTACKING
1782278807.808417,42,1,0.000,0.000,128.468,ATTACKING
1782278807.808486,2,1,0.000,0.000,128.468,ATTACKING
1782278807.808553,20,1,0.000,0.000,128.468,ATTACKING
1782278807.906802,55,1,0.000,0.000,128.468,IDLE
1782278807.906981,3,1,0.000,0.000,128.468,IDLE
1782278807.907076,1,1,0.000,0.000,128.468,IDLE
1782278807.907153,43,1,0.000,0.000,128.468,IDLE
1782278807.907226,53,1,0.000,0.000,128.468,IDLE
1782278807.907297,4,1,0.000,0.000,128.468,IDLE
1782278807.907368,18,1,0.000,0.000,128.468,IDLE
1782278807.907438,21,1,0.000,0.000,128.468,IDLE
1782278807.907522,32,1,0.000,0.000,128.468,IDLE
1782278807.907593,57,1,0.000,0.000,128.468,IDLE
1782278807.907662,34,1,0.000,0.000,128.468,IDLE
1782278807.907729,50,1,0.000,0.000,128.468,IDLE
1782278807.907796,54,1,0.000,0.000,128.468,IDLE
1782278807.907865,56,1,0.000,0.000,128.468,IDLE
1782278807.907932,41,1,0.000,0.000,128.468,IDLE
1782278807.907999,52,1,0.000,0.000,128.468,IDLE
1782278807.908066,51,1,0.000,0.000,128.468,IDLE
1782278807.908133,19,1,0.000,0.000,128.468,IDLE
1782278807.908218,31,1,0.000,0.000,128.468,IDLE
1782278807.908291,33,1,0.000,0.000,128.468,IDLE
1782278807.908360,40,1,0.000,0.000,128.468,ATTACKING
1782278807.908427,42,1,0.000,0.000,128.468,ATTACKING
1782278807.908497,2,1,0.000,0.000,128.468,ATTACKING
1782278807.908564,20,1,0.000,0.000,128.468,ATTACKING
1782278808.006838,55,1,0.000,0.000,128.468,IDLE
1782278808.007018,3,1,0.000,0.000,128.468,IDLE
1782278808.007112,1,1,0.000,0.000,128.468,IDLE
1782278808.007189,43,1,0.000,0.000,128.468,IDLE
1782278808.007261,53,1,0.000,0.000,128.468,IDLE
1782278808.007329,4,1,0.000,0.000,128.468,IDLE
1782278808.007427,18,1,0.000,0.000,128.468,IDLE
1782278808.007499,21,1,0.000,0.000,128.468,IDLE
1782278808.007563,32,1,0.000,0.000,128.468,IDLE
1782278808.007628,57,1,0.000,0.000,128.468,IDLE
1782278808.007694,34,1,0.000,0.000,128.468,IDLE
1782278808.007758,50,1,0.000,0.000,128.468,IDLE
1782278808.007823,54,1,0.000,0.000,128.468,IDLE
1782278808.007889,56,1,0.000,0.000,128.468,IDLE
1782278808.007954,41,1,0.000,0.000,128.468,IDLE
1782278808.008018,52,1,0.000,0.000,128.468,IDLE
1782278808.008083,51,1,0.000,0.000,128.468,IDLE
1782278808.008147,19,1,0.000,0.000,128.468,IDLE
1782278808.008212,31,1,0.000,0.000,128.468,IDLE
1782278808.008276,33,1,0.000,0.000,128.468,IDLE
1782278808.008340,40,1,0.000,0.000,128.468,ATTACKING
1782278808.008406,42,1,0.000,0.000,128.468,ATTACKING
1782278808.008472,2,1,0.000,0.000,128.468,ATTACKING
1782278808.008536,20,1,0.000,0.000,128.468,ATTACKING
1782278808.106845,55,1,0.000,0.000,128.468,IDLE
1782278808.107018,3,1,0.000,0.000,128.468,IDLE
1782278808.107109,1,1,0.000,0.000,128.468,IDLE
1782278808.107184,43,1,0.000,0.000,128.468,IDLE
1782278808.107255,53,1,0.000,0.000,128.468,IDLE
1782278808.107327,4,1,0.000,0.000,128.468,IDLE
1782278808.107398,18,1,0.000,0.000,128.468,IDLE
1782278808.107465,21,1,0.000,0.000,128.468,IDLE
1782278808.107532,32,1,0.000,0.000,128.468,IDLE
1782278808.107598,57,1,0.000,0.000,128.468,IDLE
1782278808.107680,34,1,0.000,0.000,128.468,IDLE
1782278808.107751,50,1,0.000,0.000,128.468,IDLE
1782278808.107818,54,1,0.000,0.000,128.468,IDLE
1782278808.107885,56,1,0.000,0.000,128.468,IDLE
1782278808.107952,41,1,0.000,0.000,128.468,IDLE
1782278808.108018,52,1,0.000,0.000,128.468,IDLE
1782278808.108085,51,1,0.000,0.000,128.468,IDLE
1782278808.108151,19,1,0.000,0.000,128.468,IDLE
1782278808.108218,31,1,0.000,0.000,128.468,IDLE
1782278808.108283,33,1,0.000,0.000,128.468,IDLE
1782278808.108349,40,1,0.000,0.000,128.468,ATTACKING
1782278808.108417,42,1,0.000,0.000,128.468,ATTACKING
1782278808.108485,2,1,0.000,0.000,128.468,ATTACKING
1782278808.108552,20,1,0.000,0.000,128.468,ATTACKING
1782278808.206858,55,1,0.000,0.000,128.468,IDLE
1782278808.207058,3,1,0.000,0.000,128.468,IDLE
1782278808.207152,1,1,0.000,0.000,128.468,IDLE
1782278808.207225,43,1,0.000,0.000,128.468,IDLE
1782278808.207293,53,1,0.000,0.000,128.468,IDLE
1782278808.207361,4,1,0.000,0.000,128.468,IDLE
1782278808.207429,18,1,0.000,0.000,128.468,IDLE
1782278808.207495,21,1,0.000,0.000,128.468,IDLE
1782278808.207561,32,1,0.000,0.000,128.468,IDLE
1782278808.207625,57,1,0.000,0.000,128.468,IDLE
1782278808.207690,34,1,0.000,0.000,128.468,IDLE
1782278808.207756,50,1,0.000,0.000,128.468,IDLE
1782278808.207821,54,1,0.000,0.000,128.468,IDLE
1782278808.207886,56,1,0.000,0.000,128.468,IDLE
1782278808.207951,41,1,0.000,0.000,128.468,IDLE
1782278808.208016,52,1,0.000,0.000,128.468,IDLE
1782278808.208081,51,1,0.000,0.000,128.468,IDLE
1782278808.208146,19,1,0.000,0.000,128.468,IDLE
1782278808.208211,31,1,0.000,0.000,128.468,IDLE
1782278808.208276,33,1,0.000,0.000,128.468,IDLE
1782278808.208340,40,1,0.000,0.000,128.468,ATTACKING
1782278808.208406,42,1,0.000,0.000,128.468,ATTACKING
1782278808.208472,2,1,0.000,0.000,128.468,ATTACKING
1782278808.208536,20,1,0.000,0.000,128.468,ATTACKING
1782278808.306861,55,1,0.000,0.000,128.468,IDLE
1782278808.307035,3,1,0.000,0.000,128.468,IDLE
1782278808.307127,1,1,0.000,0.000,128.468,IDLE
1782278808.307202,43,1,0.000,0.000,128.468,IDLE
1782278808.307292,53,1,0.000,0.000,128.468,IDLE
1782278808.307368,4,1,0.000,0.000,128.468,IDLE
1782278808.307437,18,1,0.000,0.000,128.468,IDLE
1782278808.307504,21,1,0.000,0.000,128.468,IDLE
1782278808.307570,32,1,0.000,0.000,128.468,IDLE
1782278808.307637,57,1,0.000,0.000,128.468,IDLE
1782278808.307703,34,1,0.000,0.000,128.468,IDLE
1782278808.307771,50,1,0.000,0.000,128.468,IDLE
1782278808.307853,54,1,0.000,0.000,128.468,IDLE
1782278808.307925,56,1,0.000,0.000,128.468,IDLE
1782278808.307993,41,1,0.000,0.000,128.468,IDLE
1782278808.308060,52,1,0.000,0.000,128.468,IDLE
1782278808.308126,51,1,0.000,0.000,128.468,IDLE
1782278808.308193,19,1,0.000,0.000,128.468,IDLE
1782278808.308259,31,1,0.000,0.000,128.468,IDLE
1782278808.308326,33,1,0.000,0.000,128.468,IDLE
1782278808.308393,40,1,0.000,0.000,128.468,ATTACKING
1782278808.308462,42,1,0.000,0.000,128.468,ATTACKING
1782278808.308528,2,1,0.000,0.000,128.468,ATTACKING
1782278808.308595,20,1,0.000,0.000,128.468,ATTACKING
1782278808.406846,55,1,0.000,0.000,128.468,IDLE
1782278808.407036,3,1,0.000,0.000,128.468,IDLE
1782278808.407129,1,1,0.000,0.000,128.468,IDLE
1782278808.407203,43,1,0.000,0.000,128.468,IDLE
1782278808.407275,53,1,0.000,0.000,128.468,IDLE
1782278808.407345,4,1,0.000,0.000,128.468,IDLE
1782278808.407417,18,1,0.000,0.000,128.468,IDLE
1782278808.407486,21,1,0.000,0.000,128.468,IDLE
1782278808.407553,32,1,0.000,0.000,128.468,IDLE
1782278808.407622,57,1,0.000,0.000,128.468,IDLE
1782278808.407691,34,1,0.000,0.000,128.468,IDLE
1782278808.407759,50,1,0.000,0.000,128.468,IDLE
1782278808.407828,54,1,0.000,0.000,128.468,IDLE
1782278808.407897,56,1,0.000,0.000,128.468,IDLE
1782278808.407965,41,1,0.000,0.000,128.468,IDLE
1782278808.408033,52,1,0.000,0.000,128.468,IDLE
1782278808.408101,51,1,0.000,0.000,128.468,IDLE
1782278808.408168,19,1,0.000,0.000,128.468,IDLE
1782278808.408236,31,1,0.000,0.000,128.468,IDLE
1782278808.408304,33,1,0.000,0.000,128.468,IDLE
1782278808.408371,40,1,0.000,0.000,128.468,ATTACKING
1782278808.408441,42,1,0.000,0.000,128.468,ATTACKING
1782278808.408510,2,1,0.000,0.000,128.468,ATTACKING
1782278808.408578,20,1,0.000,0.000,128.468,ATTACKING
1782278808.506846,55,1,0.000,0.000,128.468,IDLE
1782278808.507020,3,1,0.000,0.000,128.468,IDLE
1782278808.507113,1,1,0.000,0.000,128.468,IDLE
1782278808.507188,43,1,0.000,0.000,128.468,IDLE
1782278808.507258,53,1,0.000,0.000,128.468,IDLE
1782278808.507327,4,1,0.000,0.000,128.468,IDLE
1782278808.507400,18,1,0.000,0.000,128.468,IDLE
1782278808.507467,21,1,0.000,0.000,128.468,IDLE
1782278808.507534,32,1,0.000,0.000,128.468,IDLE
1782278808.507600,57,1,0.000,0.000,128.468,IDLE
1782278808.507667,34,1,0.000,0.000,128.468,IDLE
1782278808.507734,50,1,0.000,0.000,128.468,IDLE
1782278808.507800,54,1,0.000,0.000,128.468,IDLE
1782278808.507870,56,1,0.000,0.000,128.468,IDLE
1782278808.507954,41,1,0.000,0.000,128.468,IDLE
1782278808.508024,52,1,0.000,0.000,128.468,IDLE
1782278808.508090,51,1,0.000,0.000,128.468,IDLE
1782278808.508156,19,1,0.000,0.000,128.468,IDLE
1782278808.508223,31,1,0.000,0.000,128.468,IDLE
1782278808.508290,33,1,0.000,0.000,128.468,IDLE
1782278808.508357,40,1,0.000,0.000,128.468,ATTACKING
1782278808.508426,42,1,0.000,0.000,128.468,ATTACKING
1782278808.508493,2,1,0.000,0.000,128.468,ATTACKING
1782278808.508560,20,1,0.000,0.000,128.468,ATTACKING
1782278808.606787,55,1,0.000,0.000,128.468,IDLE
1782278808.606963,3,1,0.000,0.000,128.468,IDLE
1782278808.607055,1,1,0.000,0.000,128.468,IDLE
1782278808.607131,43,1,0.000,0.000,128.468,IDLE
1782278808.607201,53,1,0.000,0.000,128.468,IDLE
1782278808.607272,4,1,0.000,0.000,128.468,IDLE
1782278808.607346,18,1,0.000,0.000,128.468,IDLE
1782278808.607417,21,1,0.000,0.000,128.468,IDLE
1782278808.607486,32,1,0.000,0.000,128.468,IDLE
1782278808.607555,57,1,0.000,0.000,128.468,IDLE
1782278808.607622,34,1,0.000,0.000,128.468,IDLE
1782278808.607689,50,1,0.000,0.000,128.468,IDLE
1782278808.607757,54,1,0.000,0.000,128.468,IDLE
1782278808.607827,56,1,0.000,0.000,128.468,IDLE
1782278808.607894,41,1,0.000,0.000,128.468,IDLE
1782278808.607980,52,1,0.000,0.000,128.468,IDLE
1782278808.608054,51,1,0.000,0.000,128.468,IDLE
1782278808.608123,19,1,0.000,0.000,128.468,IDLE
1782278808.608190,31,1,0.000,0.000,128.468,IDLE
1782278808.608257,33,1,0.000,0.000,128.468,IDLE
1782278808.608325,40,1,0.000,0.000,128.468,ATTACKING
1782278808.608395,42,1,0.000,0.000,128.468,ATTACKING
1782278808.608463,2,1,0.000,0.000,128.468,ATTACKING
1782278808.608531,20,1,0.000,0.000,128.468,ATTACKING
1782278808.706844,55,1,0.000,0.000,128.468,IDLE
1782278808.707019,3,1,0.000,0.000,128.468,IDLE
1782278808.707112,1,1,0.000,0.000,128.468,IDLE
1782278808.707188,43,1,0.000,0.000,128.468,IDLE
1782278808.707260,53,1,0.000,0.000,128.468,IDLE
1782278808.707334,4,1,0.000,0.000,128.468,IDLE
1782278808.707403,18,1,0.000,0.000,128.468,IDLE
1782278808.707471,21,1,0.000,0.000,128.468,IDLE
1782278808.707538,32,1,0.000,0.000,128.468,IDLE
1782278808.707605,57,1,0.000,0.000,128.468,IDLE
1782278808.707673,34,1,0.000,0.000,128.468,IDLE
1782278808.707740,50,1,0.000,0.000,128.468,IDLE
1782278808.707807,54,1,0.000,0.000,128.468,IDLE
1782278808.707955,56,1,0.000,0.000,128.468,IDLE
1782278808.708030,41,1,0.000,0.000,128.468,IDLE
1782278808.708097,52,1,0.000,0.000,128.468,IDLE
1782278808.708179,51,1,0.000,0.000,128.468,IDLE
1782278808.708248,19,1,0.000,0.000,128.468,IDLE
1782278808.708315,31,1,0.000,0.000,128.468,IDLE
1782278808.708380,33,1,0.000,0.000,128.468,IDLE
1782278808.708446,40,1,0.000,0.000,128.468,ATTACKING
1782278808.708513,42,1,0.000,0.000,128.468,ATTACKING
1782278808.708580,2,1,0.000,0.000,128.468,ATTACKING
1782278808.708646,20,1,0.000,0.000,128.468,ATTACKING
1782278808.806858,55,1,0.000,0.000,128.468,IDLE
1782278808.807034,3,1,0.000,0.000,128.468,IDLE
1782278808.807126,1,1,0.000,0.000,128.468,IDLE
1782278808.807200,43,1,0.000,0.000,128.468,IDLE
1782278808.807273,53,1,0.000,0.000,128.468,IDLE
1782278808.807347,4,1,0.000,0.000,128.468,IDLE
1782278808.807415,18,1,0.000,0.000,128.468,IDLE
1782278808.807484,21,1,0.000,0.000,128.468,IDLE
1782278808.807553,32,1,0.000,0.000,128.468,IDLE
1782278808.807620,57,1,0.000,0.000,128.468,IDLE
1782278808.807689,34,1,0.000,0.000,128.468,IDLE
1782278808.807757,50,1,0.000,0.000,128.468,IDLE
1782278808.807824,54,1,0.000,0.000,128.468,IDLE
1782278808.807892,56,1,0.000,0.000,128.468,IDLE
1782278808.807961,41,1,0.000,0.000,128.468,IDLE
1782278808.808029,52,1,0.000,0.000,128.468,IDLE
1782278808.808098,51,1,0.000,0.000,128.468,IDLE
1782278808.808165,19,1,0.000,0.000,128.468,IDLE
1782278808.808233,31,1,0.000,0.000,128.468,IDLE
1782278808.808301,33,1,0.000,0.000,128.468,IDLE
1782278808.808370,40,1,0.000,0.000,128.468,ATTACKING
1782278808.808440,42,1,0.000,0.000,128.468,ATTACKING
1782278808.808510,2,1,0.000,0.000,128.468,ATTACKING
1782278808.808579,20,1,0.000,0.000,128.468,ATTACKING
1782278808.906844,55,1,0.000,0.000,128.468,IDLE
1782278808.907020,3,1,0.000,0.000,128.468,IDLE
1782278808.907114,1,1,0.000,0.000,128.468,IDLE
1782278808.907189,43,1,0.000,0.000,128.468,IDLE
1782278808.907261,53,1,0.000,0.000,128.468,IDLE
1782278808.907332,4,1,0.000,0.000,128.468,IDLE
1782278808.907403,18,1,0.000,0.000,128.468,IDLE
1782278808.907468,21,1,0.000,0.000,128.468,IDLE
1782278808.907535,32,1,0.000,0.000,128.468,IDLE
1782278808.907601,57,1,0.000,0.000,128.468,IDLE
1782278808.907666,34,1,0.000,0.000,128.468,IDLE
1782278808.907733,50,1,0.000,0.000,128.468,IDLE
1782278808.907800,54,1,0.000,0.000,128.468,IDLE
1782278808.907866,56,1,0.000,0.000,128.468,IDLE
1782278808.907933,41,1,0.000,0.000,128.468,IDLE
1782278808.907999,52,1,0.000,0.000,128.468,IDLE
1782278808.908064,51,1,0.000,0.000,128.468,IDLE
1782278808.908131,19,1,0.000,0.000,128.468,IDLE
1782278808.908214,31,1,0.000,0.000,128.468,IDLE
1782278808.908284,33,1,0.000,0.000,128.468,IDLE
1782278808.908350,40,1,0.000,0.000,128.468,ATTACKING
1782278808.908419,42,1,0.000,0.000,128.468,ATTACKING
1782278808.908486,2,1,0.000,0.000,128.468,ATTACKING
1782278808.908553,20,1,0.000,0.000,128.468,ATTACKING
1782278809.006790,55,1,0.000,0.000,128.468,IDLE
1782278809.006988,3,1,0.000,0.000,128.468,IDLE
1782278809.007086,1,1,0.000,0.000,128.468,IDLE
1782278809.007163,43,1,0.000,0.000,128.468,IDLE
1782278809.007238,53,1,0.000,0.000,128.468,IDLE
1782278809.007308,4,1,0.000,0.000,128.468,IDLE
1782278809.007376,18,1,0.000,0.000,128.468,IDLE
1782278809.007443,21,1,0.000,0.000,128.468,IDLE
1782278809.007509,32,1,0.000,0.000,128.468,IDLE
1782278809.007575,57,1,0.000,0.000,128.468,IDLE
1782278809.007641,34,1,0.000,0.000,128.468,IDLE
1782278809.007707,50,1,0.000,0.000,128.468,IDLE
1782278809.007773,54,1,0.000,0.000,128.468,IDLE
1782278809.007839,56,1,0.000,0.000,128.468,IDLE
1782278809.007906,41,1,0.000,0.000,128.468,IDLE
1782278809.007974,52,1,0.000,0.000,128.468,IDLE
1782278809.008041,51,1,0.000,0.000,128.468,IDLE
1782278809.008107,19,1,0.000,0.000,128.468,IDLE
1782278809.008172,31,1,0.000,0.000,128.468,IDLE
1782278809.008238,33,1,0.000,0.000,128.468,IDLE
1782278809.008305,40,1,0.000,0.000,128.468,ATTACKING
1782278809.008373,42,1,0.000,0.000,128.468,ATTACKING
1782278809.008439,2,1,0.000,0.000,128.468,ATTACKING
1782278809.008505,20,1,0.000,0.000,128.468,ATTACKING
1782278809.106843,55,1,0.000,0.000,128.468,IDLE
1782278809.107028,3,1,0.000,0.000,128.468,IDLE
1782278809.107123,1,1,0.000,0.000,128.468,IDLE
1782278809.107199,43,1,0.000,0.000,128.468,IDLE
1782278809.107273,53,1,0.000,0.000,128.468,IDLE
1782278809.107345,4,1,0.000,0.000,128.468,IDLE
1782278809.107415,18,1,0.000,0.000,128.468,IDLE
1782278809.107483,21,1,0.000,0.000,128.468,IDLE
1782278809.107553,32,1,0.000,0.000,128.468,IDLE
1782278809.107620,57,1,0.000,0.000,128.468,IDLE
1782278809.107688,34,1,0.000,0.000,128.468,IDLE
1782278809.107756,50,1,0.000,0.000,128.468,IDLE
1782278809.107824,54,1,0.000,0.000,128.468,IDLE
1782278809.107891,56,1,0.000,0.000,128.468,IDLE
1782278809.107960,41,1,0.000,0.000,128.468,IDLE
1782278809.108028,52,1,0.000,0.000,128.468,IDLE
1782278809.108095,51,1,0.000,0.000,128.468,IDLE
1782278809.108161,19,1,0.000,0.000,128.468,IDLE
1782278809.108228,31,1,0.000,0.000,128.468,IDLE
1782278809.108296,33,1,0.000,0.000,128.468,IDLE
1782278809.108382,40,1,0.000,0.000,128.468,ATTACKING
1782278809.108454,42,1,0.000,0.000,128.468,ATTACKING
1782278809.108523,2,1,0.000,0.000,128.468,ATTACKING
1782278809.108591,20,1,0.000,0.000,128.468,ATTACKING
1782278809.206839,55,1,0.000,0.000,128.468,IDLE
1782278809.207014,3,1,0.000,0.000,128.468,IDLE
1782278809.207106,1,1,0.000,0.000,128.468,IDLE
1782278809.207182,43,1,0.000,0.000,128.468,IDLE
1782278809.207254,53,1,0.000,0.000,128.468,IDLE
1782278809.207330,4,1,0.000,0.000,128.468,IDLE
1782278809.207400,18,1,0.000,0.000,128.468,IDLE
1782278809.207468,21,1,0.000,0.000,128.468,IDLE
1782278809.207536,32,1,0.000,0.000,128.468,IDLE
1782278809.207604,57,1,0.000,0.000,128.468,IDLE
1782278809.207673,34,1,0.000,0.000,128.468,IDLE
1782278809.207741,50,1,0.000,0.000,128.468,IDLE
1782278809.207809,54,1,0.000,0.000,128.468,IDLE
1782278809.207876,56,1,0.000,0.000,128.468,IDLE
1782278809.207944,41,1,0.000,0.000,128.468,IDLE
1782278809.208013,52,1,0.000,0.000,128.468,IDLE
1782278809.208080,51,1,0.000,0.000,128.468,IDLE
1782278809.208147,19,1,0.000,0.000,128.468,IDLE
1782278809.208214,31,1,0.000,0.000,128.468,IDLE
1782278809.208281,33,1,0.000,0.000,128.468,IDLE
1782278809.208350,40,1,0.000,0.000,128.468,ATTACKING
1782278809.208418,42,1,0.000,0.000,128.468,ATTACKING
1782278809.208486,2,1,0.000,0.000,128.468,ATTACKING
1782278809.208554,20,1,0.000,0.000,128.468,ATTACKING
1782278809.306840,55,1,0.000,0.000,128.468,IDLE
1782278809.307014,3,1,0.000,0.000,128.468,IDLE
1782278809.307108,1,1,0.000,0.000,128.468,IDLE
1782278809.307183,43,1,0.000,0.000,128.468,IDLE
1782278809.307254,53,1,0.000,0.000,128.468,IDLE
1782278809.307325,4,1,0.000,0.000,128.468,IDLE
1782278809.307395,18,1,0.000,0.000,128.468,IDLE
1782278809.307462,21,1,0.000,0.000,128.468,IDLE
1782278809.307528,32,1,0.000,0.000,128.468,IDLE
1782278809.307594,57,1,0.000,0.000,128.468,IDLE
1782278809.307661,34,1,0.000,0.000,128.468,IDLE
1782278809.307727,50,1,0.000,0.000,128.468,IDLE
1782278809.307811,54,1,0.000,0.000,128.468,IDLE
1782278809.307884,56,1,0.000,0.000,128.468,IDLE
1782278809.307952,41,1,0.000,0.000,128.468,IDLE
1782278809.308018,52,1,0.000,0.000,128.468,IDLE
1782278809.308084,51,1,0.000,0.000,128.468,IDLE
1782278809.308149,19,1,0.000,0.000,128.468,IDLE
1782278809.308215,31,1,0.000,0.000,128.468,IDLE
1782278809.308282,33,1,0.000,0.000,128.468,IDLE
1782278809.308350,40,1,0.000,0.000,128.468,ATTACKING
1782278809.308418,42,1,0.000,0.000,128.468,ATTACKING
1782278809.308500,2,1,0.000,0.000,128.468,ATTACKING
1782278809.308569,20,1,0.000,0.000,128.468,ATTACKING
1782278809.406847,55,1,0.000,0.000,128.468,IDLE
1782278809.407022,3,1,0.000,0.000,128.468,IDLE
1782278809.407114,1,1,0.000,0.000,128.468,IDLE
1782278809.407188,43,1,0.000,0.000,128.468,IDLE
1782278809.407265,53,1,0.000,0.000,128.468,IDLE
1782278809.407334,4,1,0.000,0.000,128.468,IDLE
1782278809.407404,18,1,0.000,0.000,128.468,IDLE
1782278809.407472,21,1,0.000,0.000,128.468,IDLE
1782278809.407540,32,1,0.000,0.000,128.468,IDLE
1782278809.407701,57,1,0.000,0.000,128.468,IDLE
1782278809.407777,34,1,0.000,0.000,128.468,IDLE
1782278809.407844,50,1,0.000,0.000,128.468,IDLE
1782278809.407910,54,1,0.000,0.000,128.468,IDLE
1782278809.407975,56,1,0.000,0.000,128.468,IDLE
1782278809.408041,41,1,0.000,0.000,128.468,IDLE
1782278809.408107,52,1,0.000,0.000,128.468,IDLE
1782278809.408172,51,1,0.000,0.000,128.468,IDLE
1782278809.408236,19,1,0.000,0.000,128.468,IDLE
1782278809.408301,31,1,0.000,0.000,128.468,IDLE
1782278809.408366,33,1,0.000,0.000,128.468,IDLE
1782278809.408433,40,1,0.000,0.000,128.468,ATTACKING
1782278809.408499,42,1,0.000,0.000,128.468,ATTACKING
1782278809.408565,2,1,0.000,0.000,128.468,ATTACKING
1782278809.408631,20,1,0.000,0.000,128.468,ATTACKING
1782278809.506840,55,1,0.000,0.000,128.468,IDLE
1782278809.507016,3,1,0.000,0.000,128.468,IDLE
1782278809.507106,1,1,0.000,0.000,128.468,IDLE
1782278809.507182,43,1,0.000,0.000,128.468,IDLE
1782278809.507256,53,1,0.000,0.000,128.468,IDLE
1782278809.507327,4,1,0.000,0.000,128.468,IDLE
1782278809.507395,18,1,0.000,0.000,128.468,IDLE
1782278809.507463,21,1,0.000,0.000,128.468,IDLE
1782278809.507531,32,1,0.000,0.000,128.468,IDLE
1782278809.507598,57,1,0.000,0.000,128.468,IDLE
1782278809.507665,34,1,0.000,0.000,128.468,IDLE
1782278809.507733,50,1,0.000,0.000,128.468,IDLE
1782278809.507799,54,1,0.000,0.000,128.468,IDLE
1782278809.507866,56,1,0.000,0.000,128.468,IDLE
1782278809.507933,41,1,0.000,0.000,128.468,IDLE
1782278809.508000,52,1,0.000,0.000,128.468,IDLE
1782278809.508067,51,1,0.000,0.000,128.468,IDLE
1782278809.508134,19,1,0.000,0.000,128.468,IDLE
1782278809.508200,31,1,0.000,0.000,128.468,IDLE
1782278809.508267,33,1,0.000,0.000,128.468,IDLE
1782278809.508335,40,1,0.000,0.000,128.468,ATTACKING
1782278809.508402,42,1,0.000,0.000,128.468,ATTACKING
1782278809.508468,2,1,0.000,0.000,128.468,ATTACKING
1782278809.508535,20,1,0.000,0.000,128.468,ATTACKING
1782278809.606842,55,1,0.000,0.000,128.468,IDLE
1782278809.607017,3,1,0.000,0.000,128.468,IDLE
1782278809.607109,1,1,0.000,0.000,128.468,IDLE
1782278809.607183,43,1,0.000,0.000,128.468,IDLE
1782278809.607256,53,1,0.000,0.000,128.468,IDLE
1782278809.607326,4,1,0.000,0.000,128.468,IDLE
1782278809.607395,18,1,0.000,0.000,128.468,IDLE
1782278809.607465,21,1,0.000,0.000,128.468,IDLE
1782278809.607532,32,1,0.000,0.000,128.468,IDLE
1782278809.607600,57,1,0.000,0.000,128.468,IDLE
1782278809.607668,34,1,0.000,0.000,128.468,IDLE
1782278809.607736,50,1,0.000,0.000,128.468,IDLE
1782278809.607804,54,1,0.000,0.000,128.468,IDLE
1782278809.607871,56,1,0.000,0.000,128.468,IDLE
1782278809.607938,41,1,0.000,0.000,128.468,IDLE
1782278809.608007,52,1,0.000,0.000,128.468,IDLE
1782278809.608074,51,1,0.000,0.000,128.468,IDLE
1782278809.608141,19,1,0.000,0.000,128.468,IDLE
1782278809.608208,31,1,0.000,0.000,128.468,IDLE
1782278809.608275,33,1,0.000,0.000,128.468,IDLE
1782278809.608343,40,1,0.000,0.000,128.468,ATTACKING
1782278809.608410,42,1,0.000,0.000,128.468,ATTACKING
1782278809.608497,2,1,0.000,0.000,128.468,ATTACKING
1782278809.608573,20,1,0.000,0.000,128.468,ATTACKING
1782278809.706842,55,1,0.000,0.000,128.468,IDLE
1782278809.707016,3,1,0.000,0.000,128.468,IDLE
1782278809.707107,1,1,0.000,0.000,128.468,IDLE
1782278809.707181,43,1,0.000,0.000,128.468,IDLE
1782278809.707253,53,1,0.000,0.000,128.468,IDLE
1782278809.707321,4,1,0.000,0.000,128.468,IDLE
1782278809.707389,18,1,0.000,0.000,128.468,IDLE
1782278809.707458,21,1,0.000,0.000,128.468,IDLE
1782278809.707526,32,1,0.000,0.000,128.468,IDLE
1782278809.707592,57,1,0.000,0.000,128.468,IDLE
1782278809.707660,34,1,0.000,0.000,128.468,IDLE
1782278809.707728,50,1,0.000,0.000,128.468,IDLE
1782278809.707795,54,1,0.000,0.000,128.468,IDLE
1782278809.707863,56,1,0.000,0.000,128.468,IDLE
1782278809.707931,41,1,0.000,0.000,128.468,IDLE
1782278809.707999,52,1,0.000,0.000,128.468,IDLE
1782278809.708066,51,1,0.000,0.000,128.468,IDLE
1782278809.708132,19,1,0.000,0.000,128.468,IDLE
1782278809.708200,31,1,0.000,0.000,128.468,IDLE
1782278809.708270,33,1,0.000,0.000,128.468,IDLE
1782278809.708338,40,1,0.000,0.000,128.468,ATTACKING
1782278809.708406,42,1,0.000,0.000,128.468,ATTACKING
1782278809.708473,2,1,0.000,0.000,128.468,ATTACKING
1782278809.708540,20,1,0.000,0.000,128.468,ATTACKING
1782278809.806843,55,1,0.000,0.000,128.468,IDLE
1782278809.807017,3,1,0.000,0.000,128.468,IDLE
1782278809.807124,1,1,0.000,0.000,128.468,IDLE
1782278809.807201,43,1,0.000,0.000,128.468,IDLE
1782278809.807275,53,1,0.000,0.000,128.468,IDLE
1782278809.807345,4,1,0.000,0.000,128.468,IDLE
1782278809.807415,18,1,0.000,0.000,128.468,IDLE
1782278809.807484,21,1,0.000,0.000,128.468,IDLE
1782278809.807552,32,1,0.000,0.000,128.468,IDLE
1782278809.807620,57,1,0.000,0.000,128.468,IDLE
1782278809.808171,34,1,0.000,0.000,128.468,IDLE
1782278809.808276,50,1,0.000,0.000,128.468,IDLE
1782278809.808347,54,1,0.000,0.000,128.468,IDLE
1782278809.808414,56,1,0.000,0.000,128.468,IDLE
1782278809.808481,41,1,0.000,0.000,128.468,IDLE
1782278809.808548,52,1,0.000,0.000,128.468,IDLE
1782278809.808614,51,1,0.000,0.000,128.468,IDLE
1782278809.808680,19,1,0.000,0.000,128.468,IDLE
1782278809.808745,31,1,0.000,0.000,128.468,IDLE
1782278809.808814,33,1,0.000,0.000,128.468,IDLE
1782278809.808881,40,1,0.000,0.000,128.468,ATTACKING
1782278809.808948,42,1,0.000,0.000,128.468,ATTACKING
1782278809.809014,2,1,0.000,0.000,128.468,ATTACKING
1782278809.809080,20,1,0.000,0.000,128.468,ATTACKING
1782278809.906850,55,1,0.000,0.000,128.468,IDLE
1782278809.907024,3,1,0.000,0.000,128.468,IDLE
1782278809.907115,1,1,0.000,0.000,128.468,IDLE
1782278809.907190,43,1,0.000,0.000,128.468,IDLE
1782278809.907264,53,1,0.000,0.000,128.468,IDLE
1782278809.907334,4,1,0.000,0.000,128.468,IDLE
1782278809.907402,18,1,0.000,0.000,128.468,IDLE
1782278809.907471,21,1,0.000,0.000,128.468,IDLE
1782278809.907538,32,1,0.000,0.000,128.468,IDLE
1782278809.907607,57,1,0.000,0.000,128.468,IDLE
1782278809.907675,34,1,0.000,0.000,128.468,IDLE
1782278809.907744,50,1,0.000,0.000,128.468,IDLE
1782278809.907812,54,1,0.000,0.000,128.468,IDLE
1782278809.907881,56,1,0.000,0.000,128.468,IDLE
1782278809.907948,41,1,0.000,0.000,128.468,IDLE
1782278809.908017,52,1,0.000,0.000,128.468,IDLE
1782278809.908085,51,1,0.000,0.000,128.468,IDLE
1782278809.908152,19,1,0.000,0.000,128.468,IDLE
1782278809.908219,31,1,0.000,0.000,128.468,IDLE
1782278809.908287,33,1,0.000,0.000,128.468,IDLE
1782278809.908353,40,1,0.000,0.000,128.468,ATTACKING
1782278809.908421,42,1,0.000,0.000,128.468,ATTACKING
1782278809.908488,2,1,0.000,0.000,128.468,ATTACKING
1782278809.908555,20,1,0.000,0.000,128.468,ATTACKING
1782278810.006780,55,1,0.000,0.000,128.468,IDLE
1782278810.006954,3,1,0.000,0.000,128.468,IDLE
1782278810.007050,1,1,0.000,0.000,128.468,IDLE
1782278810.007125,43,1,0.000,0.000,128.468,IDLE
1782278810.007213,53,1,0.000,0.000,128.468,IDLE
1782278810.007287,4,1,0.000,0.000,128.468,IDLE
1782278810.007356,18,1,0.000,0.000,128.468,IDLE
1782278810.007424,21,1,0.000,0.000,128.468,IDLE
1782278810.007509,32,1,0.000,0.000,128.468,IDLE
1782278810.007584,57,1,0.000,0.000,128.468,IDLE
1782278810.007653,34,1,0.000,0.000,128.468,IDLE
1782278810.007719,50,1,0.000,0.000,128.468,IDLE
1782278810.007787,54,1,0.000,0.000,128.468,IDLE
1782278810.007854,56,1,0.000,0.000,128.468,IDLE
1782278810.007921,41,1,0.000,0.000,128.468,IDLE
1782278810.007988,52,1,0.000,0.000,128.468,IDLE
1782278810.008054,51,1,0.000,0.000,128.468,IDLE
1782278810.008121,19,1,0.000,0.000,128.468,IDLE
1782278810.008188,31,1,0.000,0.000,128.468,IDLE
1782278810.008257,33,1,0.000,0.000,128.468,IDLE
1782278810.008324,40,1,0.000,0.000,128.468,ATTACKING
1782278810.008393,42,1,0.000,0.000,128.468,ATTACKING
1782278810.008461,2,1,0.000,0.000,128.468,ATTACKING
1782278810.008531,20,1,0.000,0.000,128.468,ATTACKING
1782278810.106792,55,1,0.000,0.000,128.468,IDLE
1782278810.106996,3,1,0.000,0.000,128.468,IDLE
1782278810.107091,1,1,0.000,0.000,128.468,IDLE
1782278810.107166,43,1,0.000,0.000,128.468,IDLE
1782278810.107235,53,1,0.000,0.000,128.468,IDLE
1782278810.107303,4,1,0.000,0.000,128.468,IDLE
1782278810.107369,18,1,0.000,0.000,128.468,IDLE
1782278810.107436,21,1,0.000,0.000,128.468,IDLE
1782278810.107501,32,1,0.000,0.000,128.468,IDLE
1782278810.107567,57,1,0.000,0.000,128.468,IDLE
1782278810.107631,34,1,0.000,0.000,128.468,IDLE
1782278810.107696,50,1,0.000,0.000,128.468,IDLE
1782278810.107760,54,1,0.000,0.000,128.468,IDLE
1782278810.107826,56,1,0.000,0.000,128.468,IDLE
1782278810.107914,41,1,0.000,0.000,128.468,IDLE
1782278810.107987,52,1,0.000,0.000,128.468,IDLE
1782278810.108053,51,1,0.000,0.000,128.468,IDLE
1782278810.108118,19,1,0.000,0.000,128.468,IDLE
1782278810.108183,31,1,0.000,0.000,128.468,IDLE
1782278810.108252,33,1,0.000,0.000,128.468,IDLE
1782278810.108317,40,1,0.000,0.000,128.468,ATTACKING
1782278810.108383,42,1,0.000,0.000,128.468,ATTACKING
1782278810.108448,2,1,0.000,0.000,128.468,ATTACKING
1782278810.108513,20,1,0.000,0.000,128.468,ATTACKING
1782278810.206858,55,1,0.000,0.000,128.468,IDLE
1782278810.207036,3,1,0.000,0.000,128.468,IDLE
1782278810.207129,1,1,0.000,0.000,128.468,IDLE
1782278810.207204,43,1,0.000,0.000,128.468,IDLE
1782278810.207273,53,1,0.000,0.000,128.468,IDLE
1782278810.207343,4,1,0.000,0.000,128.468,IDLE
1782278810.207425,18,1,0.000,0.000,128.468,IDLE
1782278810.207497,21,1,0.000,0.000,128.468,IDLE
1782278810.207564,32,1,0.000,0.000,128.468,IDLE
1782278810.207632,57,1,0.000,0.000,128.468,IDLE
1782278810.207698,34,1,0.000,0.000,128.468,IDLE
1782278810.207765,50,1,0.000,0.000,128.468,IDLE
1782278810.207830,54,1,0.000,0.000,128.468,IDLE
1782278810.207896,56,1,0.000,0.000,128.468,IDLE
1782278810.207962,41,1,0.000,0.000,128.468,IDLE
1782278810.208028,52,1,0.000,0.000,128.468,IDLE
1782278810.208094,51,1,0.000,0.000,128.468,IDLE
1782278810.208160,19,1,0.000,0.000,128.468,IDLE
1782278810.208225,31,1,0.000,0.000,128.468,IDLE
1782278810.208293,33,1,0.000,0.000,128.468,IDLE
1782278810.208358,40,1,0.000,0.000,128.468,ATTACKING
1782278810.208424,42,1,0.000,0.000,128.468,ATTACKING
1782278810.208490,2,1,0.000,0.000,128.468,ATTACKING
1782278810.208557,20,1,0.000,0.000,128.468,ATTACKING
1782278810.306855,55,1,0.000,0.000,128.468,IDLE
1782278810.307028,3,1,0.000,0.000,128.468,IDLE
1782278810.307120,1,1,0.000,0.000,128.468,IDLE
1782278810.307194,43,1,0.000,0.000,128.468,IDLE
1782278810.307264,53,1,0.000,0.000,128.468,IDLE
1782278810.307332,4,1,0.000,0.000,128.468,IDLE
1782278810.307402,18,1,0.000,0.000,128.468,IDLE
1782278810.307470,21,1,0.000,0.000,128.468,IDLE
1782278810.307537,32,1,0.000,0.000,128.468,IDLE
1782278810.307604,57,1,0.000,0.000,128.468,IDLE
1782278810.307671,34,1,0.000,0.000,128.468,IDLE
1782278810.307738,50,1,0.000,0.000,128.468,IDLE
1782278810.307804,54,1,0.000,0.000,128.468,IDLE
1782278810.307870,56,1,0.000,0.000,128.468,IDLE
1782278810.307937,41,1,0.000,0.000,128.468,IDLE
1782278810.308149,52,1,0.000,0.000,128.468,IDLE
1782278810.308245,51,1,0.000,0.000,128.468,IDLE
1782278810.308315,19,1,0.000,0.000,128.468,IDLE
1782278810.308382,31,1,0.000,0.000,128.468,IDLE
1782278810.308466,33,1,0.000,0.000,128.468,IDLE
1782278810.308537,40,1,0.000,0.000,128.468,ATTACKING
1782278810.308604,42,1,0.000,0.000,128.468,ATTACKING
1782278810.308670,2,1,0.000,0.000,128.468,ATTACKING
1782278810.308736,20,1,0.000,0.000,128.468,ATTACKING
1782278810.406871,55,1,0.000,0.000,128.468,IDLE
1782278810.407051,3,1,0.000,0.000,128.468,IDLE
1782278810.407142,1,1,0.000,0.000,128.468,IDLE
1782278810.407217,43,1,0.000,0.000,128.468,IDLE
1782278810.407288,53,1,0.000,0.000,128.468,IDLE
1782278810.407358,4,1,0.000,0.000,128.468,IDLE
1782278810.407428,18,1,0.000,0.000,128.468,IDLE
1782278810.407497,21,1,0.000,0.000,128.468,IDLE
1782278810.407582,32,1,0.000,0.000,128.468,IDLE
1782278810.407653,57,1,0.000,0.000,128.468,IDLE
1782278810.407722,34,1,0.000,0.000,128.468,IDLE
1782278810.407790,50,1,0.000,0.000,128.468,IDLE
1782278810.407859,54,1,0.000,0.000,128.468,IDLE
1782278810.407927,56,1,0.000,0.000,128.468,IDLE
1782278810.407995,41,1,0.000,0.000,128.468,IDLE
1782278810.408064,52,1,0.000,0.000,128.468,IDLE
1782278810.408132,51,1,0.000,0.000,128.468,IDLE
1782278810.408199,19,1,0.000,0.000,128.468,IDLE
1782278810.408266,31,1,0.000,0.000,128.468,IDLE
1782278810.408334,33,1,0.000,0.000,128.468,IDLE
1782278810.408403,40,1,0.000,0.000,128.468,ATTACKING
1782278810.408470,42,1,0.000,0.000,128.468,ATTACKING
1782278810.408539,2,1,0.000,0.000,128.468,ATTACKING
1782278810.408606,20,1,0.000,0.000,128.468,ATTACKING
1782278810.506859,55,1,0.000,0.000,128.468,IDLE
1782278810.507033,3,1,0.000,0.000,128.468,IDLE
1782278810.507126,1,1,0.000,0.000,128.468,IDLE
1782278810.507203,43,1,0.000,0.000,128.468,IDLE
1782278810.507272,53,1,0.000,0.000,128.468,IDLE
1782278810.507342,4,1,0.000,0.000,128.468,IDLE
1782278810.507411,18,1,0.000,0.000,128.468,IDLE
1782278810.507478,21,1,0.000,0.000,128.468,IDLE
1782278810.507546,32,1,0.000,0.000,128.468,IDLE
1782278810.507612,57,1,0.000,0.000,128.468,IDLE
1782278810.507680,34,1,0.000,0.000,128.468,IDLE
1782278810.507746,50,1,0.000,0.000,128.468,IDLE
1782278810.507812,54,1,0.000,0.000,128.468,IDLE
1782278810.507879,56,1,0.000,0.000,128.468,IDLE
1782278810.507946,41,1,0.000,0.000,128.468,IDLE
1782278810.508013,52,1,0.000,0.000,128.468,IDLE
1782278810.508080,51,1,0.000,0.000,128.468,IDLE
1782278810.508146,19,1,0.000,0.000,128.468,IDLE
1782278810.508211,31,1,0.000,0.000,128.468,IDLE
1782278810.508279,33,1,0.000,0.000,128.468,IDLE
1782278810.508346,40,1,0.000,0.000,128.468,ATTACKING
1782278810.508413,42,1,0.000,0.000,128.468,ATTACKING
1782278810.508480,2,1,0.000,0.000,128.468,ATTACKING
1782278810.508548,20,1,0.000,0.000,128.468,ATTACKING
1782278810.606858,55,1,0.000,0.000,128.468,IDLE
1782278810.607034,3,1,0.000,0.000,128.468,IDLE
1782278810.607127,1,1,0.000,0.000,128.468,IDLE
1782278810.607204,43,1,0.000,0.000,128.468,IDLE
1782278810.607275,53,1,0.000,0.000,128.468,IDLE
1782278810.607342,4,1,0.000,0.000,128.468,IDLE
1782278810.607411,18,1,0.000,0.000,128.468,IDLE
1782278810.607479,21,1,0.000,0.000,128.468,IDLE
1782278810.607548,32,1,0.000,0.000,128.468,IDLE
1782278810.607615,57,1,0.000,0.000,128.468,IDLE
1782278810.607700,34,1,0.000,0.000,128.468,IDLE
1782278810.607771,50,1,0.000,0.000,128.468,IDLE
1782278810.607839,54,1,0.000,0.000,128.468,IDLE
1782278810.607906,56,1,0.000,0.000,128.468,IDLE
1782278810.607974,41,1,0.000,0.000,128.468,IDLE
1782278810.608041,52,1,0.000,0.000,128.468,IDLE
1782278810.608108,51,1,0.000,0.000,128.468,IDLE
1782278810.608175,19,1,0.000,0.000,128.468,IDLE
1782278810.608242,31,1,0.000,0.000,128.468,IDLE
1782278810.608310,33,1,0.000,0.000,128.468,IDLE
1782278810.608378,40,1,0.000,0.000,128.468,ATTACKING
1782278810.608446,42,1,0.000,0.000,128.468,ATTACKING
1782278810.608514,2,1,0.000,0.000,128.468,ATTACKING
1782278810.608582,20,1,0.000,0.000,128.468,ATTACKING
1782278810.706850,55,1,0.000,0.000,128.468,IDLE
1782278810.707020,3,1,0.000,0.000,128.468,IDLE
1782278810.707110,1,1,0.000,0.000,128.468,IDLE
1782278810.707186,43,1,0.000,0.000,128.468,IDLE
1782278810.707256,53,1,0.000,0.000,128.468,IDLE
1782278810.707340,4,1,0.000,0.000,128.468,IDLE
1782278810.707414,18,1,0.000,0.000,128.468,IDLE
1782278810.707482,21,1,0.000,0.000,128.468,IDLE
1782278810.707550,32,1,0.000,0.000,128.468,IDLE
1782278810.707616,57,1,0.000,0.000,128.468,IDLE
1782278810.707682,34,1,0.000,0.000,128.468,IDLE
1782278810.707747,50,1,0.000,0.000,128.468,IDLE
1782278810.707812,54,1,0.000,0.000,128.468,IDLE
1782278810.707878,56,1,0.000,0.000,128.468,IDLE
1782278810.707944,41,1,0.000,0.000,128.468,IDLE
1782278810.708009,52,1,0.000,0.000,128.468,IDLE
1782278810.708075,51,1,0.000,0.000,128.468,IDLE
1782278810.708141,19,1,0.000,0.000,128.468,IDLE
1782278810.708208,31,1,0.000,0.000,128.468,IDLE
1782278810.708273,33,1,0.000,0.000,128.468,IDLE
1782278810.708337,40,1,0.000,0.000,128.468,ATTACKING
1782278810.708404,42,1,0.000,0.000,128.468,ATTACKING
1782278810.708470,2,1,0.000,0.000,128.468,ATTACKING
1782278810.708536,20,1,0.000,0.000,128.468,ATTACKING
1782278810.806861,55,1,0.000,0.000,128.468,IDLE
1782278810.807032,3,1,0.000,0.000,128.468,IDLE
1782278810.807125,1,1,0.000,0.000,128.468,IDLE
1782278810.807201,43,1,0.000,0.000,128.468,IDLE
1782278810.807269,53,1,0.000,0.000,128.468,IDLE
1782278810.807336,4,1,0.000,0.000,128.468,IDLE
1782278810.807403,18,1,0.000,0.000,128.468,IDLE
1782278810.807468,21,1,0.000,0.000,128.468,IDLE
1782278810.807534,32,1,0.000,0.000,128.468,IDLE
1782278810.807599,57,1,0.000,0.000,128.468,IDLE
1782278810.807664,34,1,0.000,0.000,128.468,IDLE
1782278810.807729,50,1,0.000,0.000,128.468,IDLE
1782278810.807810,54,1,0.000,0.000,128.468,IDLE
1782278810.807879,56,1,0.000,0.000,128.468,IDLE
1782278810.807945,41,1,0.000,0.000,128.468,IDLE
1782278810.808010,52,1,0.000,0.000,128.468,IDLE
1782278810.808075,51,1,0.000,0.000,128.468,IDLE
1782278810.808140,19,1,0.000,0.000,128.468,IDLE
1782278810.808205,31,1,0.000,0.000,128.468,IDLE
1782278810.808271,33,1,0.000,0.000,128.468,IDLE
1782278810.808336,40,1,0.000,0.000,128.468,ATTACKING
1782278810.808401,42,1,0.000,0.000,128.468,ATTACKING
1782278810.808467,2,1,0.000,0.000,128.468,ATTACKING
1782278810.808532,20,1,0.000,0.000,128.468,ATTACKING
1782278810.906855,55,1,0.000,0.000,128.468,IDLE
1782278810.907027,3,1,0.000,0.000,128.468,IDLE
1782278810.907120,1,1,0.000,0.000,128.468,IDLE
1782278810.907195,43,1,0.000,0.000,128.468,IDLE
1782278810.907264,53,1,0.000,0.000,128.468,IDLE
1782278810.907330,4,1,0.000,0.000,128.468,IDLE
1782278810.907397,18,1,0.000,0.000,128.468,IDLE
1782278810.907462,21,1,0.000,0.000,128.468,IDLE
1782278810.907528,32,1,0.000,0.000,128.468,IDLE
1782278810.907593,57,1,0.000,0.000,128.468,IDLE
1782278810.907658,34,1,0.000,0.000,128.468,IDLE
1782278810.907722,50,1,0.000,0.000,128.468,IDLE
1782278810.907786,54,1,0.000,0.000,128.468,IDLE
1782278810.907851,56,1,0.000,0.000,128.468,IDLE
1782278810.907916,41,1,0.000,0.000,128.468,IDLE
1782278810.907979,52,1,0.000,0.000,128.468,IDLE
1782278810.908044,51,1,0.000,0.000,128.468,IDLE
1782278810.908109,19,1,0.000,0.000,128.468,IDLE
1782278810.908175,31,1,0.000,0.000,128.468,IDLE
1782278810.908239,33,1,0.000,0.000,128.468,IDLE
1782278810.908303,40,1,0.000,0.000,128.468,ATTACKING
1782278810.908368,42,1,0.000,0.000,128.468,ATTACKING
1782278810.908433,2,1,0.000,0.000,128.468,ATTACKING
1782278810.908498,20,1,0.000,0.000,128.468,ATTACKING
1782278811.006846,55,1,0.000,0.000,128.468,IDLE
1782278811.007021,3,1,0.000,0.000,128.468,IDLE
1782278811.007115,1,1,0.000,0.000,128.468,IDLE
1782278811.007192,43,1,0.000,0.000,128.468,IDLE
1782278811.007262,53,1,0.000,0.000,128.468,IDLE
1782278811.007331,4,1,0.000,0.000,128.468,IDLE
1782278811.007401,18,1,0.000,0.000,128.468,IDLE
1782278811.007469,21,1,0.000,0.000,128.468,IDLE
1782278811.007537,32,1,0.000,0.000,128.468,IDLE
1782278811.007606,57,1,0.000,0.000,128.468,IDLE
1782278811.007674,34,1,0.000,0.000,128.468,IDLE
1782278811.007742,50,1,0.000,0.000,128.468,IDLE
1782278811.007810,54,1,0.000,0.000,128.468,IDLE
1782278811.007879,56,1,0.000,0.000,128.468,IDLE
1782278811.007961,41,1,0.000,0.000,128.468,IDLE
1782278811.008032,52,1,0.000,0.000,128.468,IDLE
1782278811.008118,51,1,0.000,0.000,128.468,IDLE
1782278811.008192,19,1,0.000,0.000,128.468,IDLE
1782278811.008261,31,1,0.000,0.000,128.468,IDLE
1782278811.008328,33,1,0.000,0.000,128.468,IDLE
1782278811.008396,40,1,0.000,0.000,128.468,ATTACKING
1782278811.008464,42,1,0.000,0.000,128.468,ATTACKING
1782278811.008533,2,1,0.000,0.000,128.468,ATTACKING
1782278811.008600,20,1,0.000,0.000,128.468,ATTACKING
1782278811.106839,55,1,0.000,0.000,128.468,IDLE
1782278811.107014,3,1,0.000,0.000,128.468,IDLE
1782278811.107109,1,1,0.000,0.000,128.468,IDLE
1782278811.107185,43,1,0.000,0.000,128.468,IDLE
1782278811.107255,53,1,0.000,0.000,128.468,IDLE
1782278811.107323,4,1,0.000,0.000,128.468,IDLE
1782278811.107392,18,1,0.000,0.000,128.468,IDLE
1782278811.107460,21,1,0.000,0.000,128.468,IDLE
1782278811.107528,32,1,0.000,0.000,128.468,IDLE
1782278811.107595,57,1,0.000,0.000,128.468,IDLE
1782278811.107663,34,1,0.000,0.000,128.468,IDLE
1782278811.107729,50,1,0.000,0.000,128.468,IDLE
1782278811.107795,54,1,0.000,0.000,128.468,IDLE
1782278811.107861,56,1,0.000,0.000,128.468,IDLE
1782278811.107927,41,1,0.000,0.000,128.468,IDLE
1782278811.107993,52,1,0.000,0.000,128.468,IDLE
1782278811.108060,51,1,0.000,0.000,128.468,IDLE
1782278811.108126,19,1,0.000,0.000,128.468,IDLE
1782278811.108193,31,1,0.000,0.000,128.468,IDLE
1782278811.108259,33,1,0.000,0.000,128.468,IDLE
1782278811.108325,40,1,0.000,0.000,128.468,ATTACKING
1782278811.108392,42,1,0.000,0.000,128.468,ATTACKING
1782278811.108459,2,1,0.000,0.000,128.468,ATTACKING
1782278811.108526,20,1,0.000,0.000,128.468,ATTACKING
1782278811.206788,55,1,0.000,0.000,128.468,IDLE
1782278811.206967,3,1,0.000,0.000,128.468,IDLE
1782278811.207064,1,1,0.000,0.000,128.468,IDLE
1782278811.207139,43,1,0.000,0.000,128.468,IDLE
1782278811.207210,53,1,0.000,0.000,128.468,IDLE
1782278811.207278,4,1,0.000,0.000,128.468,IDLE
1782278811.207347,18,1,0.000,0.000,128.468,IDLE
1782278811.207416,21,1,0.000,0.000,128.468,IDLE
1782278811.207485,32,1,0.000,0.000,128.468,IDLE
1782278811.207553,57,1,0.000,0.000,128.468,IDLE
1782278811.207620,34,1,0.000,0.000,128.468,IDLE
1782278811.207687,50,1,0.000,0.000,128.468,IDLE
1782278811.207756,54,1,0.000,0.000,128.468,IDLE
1782278811.207823,56,1,0.000,0.000,128.468,IDLE
1782278811.207891,41,1,0.000,0.000,128.468,IDLE
1782278811.207960,52,1,0.000,0.000,128.468,IDLE
1782278811.208043,51,1,0.000,0.000,128.468,IDLE
1782278811.208115,19,1,0.000,0.000,128.468,IDLE
1782278811.208184,31,1,0.000,0.000,128.468,IDLE
1782278811.208253,33,1,0.000,0.000,128.468,IDLE
1782278811.208320,40,1,0.000,0.000,128.468,ATTACKING
1782278811.208389,42,1,0.000,0.000,128.468,ATTACKING
1782278811.208458,2,1,0.000,0.000,128.468,ATTACKING
1782278811.208526,20,1,0.000,0.000,128.468,ATTACKING
1782278811.306806,55,1,0.000,0.000,128.468,IDLE
1782278811.307005,3,1,0.000,0.000,128.468,IDLE
1782278811.307099,1,1,0.000,0.000,128.468,IDLE
1782278811.307173,43,1,0.000,0.000,128.468,IDLE
1782278811.307241,53,1,0.000,0.000,128.468,IDLE
1782278811.307307,4,1,0.000,0.000,128.468,IDLE
1782278811.307374,18,1,0.000,0.000,128.468,IDLE
1782278811.307440,21,1,0.000,0.000,128.468,IDLE
1782278811.307506,32,1,0.000,0.000,128.468,IDLE
1782278811.307572,57,1,0.000,0.000,128.468,IDLE
1782278811.307637,34,1,0.000,0.000,128.468,IDLE
1782278811.307702,50,1,0.000,0.000,128.468,IDLE
1782278811.307767,54,1,0.000,0.000,128.468,IDLE
1782278811.307833,56,1,0.000,0.000,128.468,IDLE
1782278811.307899,41,1,0.000,0.000,128.468,IDLE
1782278811.307965,52,1,0.000,0.000,128.468,IDLE
1782278811.308030,51,1,0.000,0.000,128.468,IDLE
1782278811.308096,19,1,0.000,0.000,128.468,IDLE
1782278811.308162,31,1,0.000,0.000,128.468,IDLE
1782278811.308228,33,1,0.000,0.000,128.468,IDLE
1782278811.308293,40,1,0.000,0.000,128.468,ATTACKING
1782278811.308359,42,1,0.000,0.000,128.468,ATTACKING
1782278811.308425,2,1,0.000,0.000,128.468,ATTACKING
1782278811.308491,20,1,0.000,0.000,128.468,ATTACKING
1782278811.406851,55,1,0.000,0.000,128.468,IDLE
1782278811.407029,3,1,0.000,0.000,128.468,IDLE
1782278811.407143,1,1,0.000,0.000,128.468,IDLE
1782278811.407224,43,1,0.000,0.000,128.468,IDLE
1782278811.407295,53,1,0.000,0.000,128.468,IDLE
1782278811.407365,4,1,0.000,0.000,128.468,IDLE
1782278811.407435,18,1,0.000,0.000,128.468,IDLE
1782278811.407505,21,1,0.000,0.000,128.468,IDLE
1782278811.407574,32,1,0.000,0.000,128.468,IDLE
1782278811.407642,57,1,0.000,0.000,128.468,IDLE
1782278811.407710,34,1,0.000,0.000,128.468,IDLE
1782278811.407778,50,1,0.000,0.000,128.468,IDLE
1782278811.407846,54,1,0.000,0.000,128.468,IDLE
1782278811.407913,56,1,0.000,0.000,128.468,IDLE
1782278811.407979,41,1,0.000,0.000,128.468,IDLE
1782278811.408047,52,1,0.000,0.000,128.468,IDLE
1782278811.408115,51,1,0.000,0.000,128.468,IDLE
1782278811.408185,19,1,0.000,0.000,128.468,IDLE
1782278811.408348,31,1,0.000,0.000,128.468,IDLE
1782278811.408427,33,1,0.000,0.000,128.468,IDLE
1782278811.408494,40,1,0.000,0.000,128.468,ATTACKING
1782278811.408561,42,1,0.000,0.000,128.468,ATTACKING
1782278811.408628,2,1,0.000,0.000,128.468,ATTACKING
1782278811.408694,20,1,0.000,0.000,128.468,ATTACKING
1782278811.506844,55,1,0.000,0.000,128.468,IDLE
1782278811.507020,3,1,0.000,0.000,128.468,IDLE
1782278811.507118,1,1,0.000,0.000,128.468,IDLE
1782278811.507196,43,1,0.000,0.000,128.468,IDLE
1782278811.507267,53,1,0.000,0.000,128.468,IDLE
1782278811.507337,4,1,0.000,0.000,128.468,IDLE
1782278811.507405,18,1,0.000,0.000,128.468,IDLE
1782278811.507476,21,1,0.000,0.000,128.468,IDLE
1782278811.507544,32,1,0.000,0.000,128.468,IDLE
1782278811.507613,57,1,0.000,0.000,128.468,IDLE
1782278811.507682,34,1,0.000,0.000,128.468,IDLE
1782278811.507749,50,1,0.000,0.000,128.468,IDLE
1782278811.507817,54,1,0.000,0.000,128.468,IDLE
1782278811.507885,56,1,0.000,0.000,128.468,IDLE
1782278811.507951,41,1,0.000,0.000,128.468,IDLE
1782278811.508019,52,1,0.000,0.000,128.468,IDLE
1782278811.508087,51,1,0.000,0.000,128.468,IDLE
1782278811.508155,19,1,0.000,0.000,128.468,IDLE
1782278811.508223,31,1,0.000,0.000,128.468,IDLE
1782278811.508291,33,1,0.000,0.000,128.468,IDLE
1782278811.508358,40,1,0.000,0.000,128.468,ATTACKING
1782278811.508427,42,1,0.000,0.000,128.468,ATTACKING
1782278811.508495,2,1,0.000,0.000,128.468,ATTACKING
1782278811.508563,20,1,0.000,0.000,128.468,ATTACKING
1782278811.606846,55,1,0.000,0.000,128.468,IDLE
1782278811.607019,3,1,0.000,0.000,128.468,IDLE
1782278811.607113,1,1,0.000,0.000,128.468,IDLE
1782278811.607191,43,1,0.000,0.000,128.468,IDLE
1782278811.607261,53,1,0.000,0.000,128.468,IDLE
1782278811.607330,4,1,0.000,0.000,128.468,IDLE
1782278811.607398,18,1,0.000,0.000,128.468,IDLE
1782278811.607467,21,1,0.000,0.000,128.468,IDLE
1782278811.607536,32,1,0.000,0.000,128.468,IDLE
1782278811.607605,57,1,0.000,0.000,128.468,IDLE
1782278811.607673,34,1,0.000,0.000,128.468,IDLE
1782278811.607741,50,1,0.000,0.000,128.468,IDLE
1782278811.607809,54,1,0.000,0.000,128.468,IDLE
1782278811.607876,56,1,0.000,0.000,128.468,IDLE
1782278811.607945,41,1,0.000,0.000,128.468,IDLE
1782278811.608012,52,1,0.000,0.000,128.468,IDLE
1782278811.608080,51,1,0.000,0.000,128.468,IDLE
1782278811.608150,19,1,0.000,0.000,128.468,IDLE
1782278811.608218,31,1,0.000,0.000,128.468,IDLE
1782278811.608286,33,1,0.000,0.000,128.468,IDLE
1782278811.608370,40,1,0.000,0.000,128.468,ATTACKING
1782278811.608441,42,1,0.000,0.000,128.468,ATTACKING
1782278811.608510,2,1,0.000,0.000,128.468,ATTACKING
1782278811.608580,20,1,0.000,0.000,128.468,ATTACKING
1782278811.706847,55,1,0.000,0.000,128.468,IDLE
1782278811.707021,3,1,0.000,0.000,128.468,IDLE
1782278811.707118,1,1,0.000,0.000,128.468,IDLE
1782278811.707195,43,1,0.000,0.000,128.468,IDLE
1782278811.707266,53,1,0.000,0.000,128.468,IDLE
1782278811.707335,4,1,0.000,0.000,128.468,IDLE
1782278811.707403,18,1,0.000,0.000,128.468,IDLE
1782278811.707471,21,1,0.000,0.000,128.468,IDLE
1782278811.707540,32,1,0.000,0.000,128.468,IDLE
1782278811.707608,57,1,0.000,0.000,128.468,IDLE
1782278811.707675,34,1,0.000,0.000,128.468,IDLE
1782278811.707741,50,1,0.000,0.000,128.468,IDLE
1782278811.707808,54,1,0.000,0.000,128.468,IDLE
1782278811.707895,56,1,0.000,0.000,128.468,IDLE
1782278811.707968,41,1,0.000,0.000,128.468,IDLE
1782278811.708035,52,1,0.000,0.000,128.468,IDLE
1782278811.708103,51,1,0.000,0.000,128.468,IDLE
1782278811.708172,19,1,0.000,0.000,128.468,IDLE
1782278811.708239,31,1,0.000,0.000,128.468,IDLE
1782278811.708306,33,1,0.000,0.000,128.468,IDLE
1782278811.708373,40,1,0.000,0.000,128.468,ATTACKING
1782278811.708440,42,1,0.000,0.000,128.468,ATTACKING
1782278811.708508,2,1,0.000,0.000,128.468,ATTACKING
1782278811.708575,20,1,0.000,0.000,128.468,ATTACKING
1782278811.806786,55,1,0.000,0.000,128.468,IDLE
1782278811.806961,3,1,0.000,0.000,128.468,IDLE
1782278811.807055,1,1,0.000,0.000,128.468,IDLE
1782278811.807132,43,1,0.000,0.000,128.468,IDLE
1782278811.807203,53,1,0.000,0.000,128.468,IDLE
1782278811.807271,4,1,0.000,0.000,128.468,IDLE
1782278811.807340,18,1,0.000,0.000,128.468,IDLE
1782278811.807408,21,1,0.000,0.000,128.468,IDLE
1782278811.807477,32,1,0.000,0.000,128.468,IDLE
1782278811.807547,57,1,0.000,0.000,128.468,IDLE
1782278811.807617,34,1,0.000,0.000,128.468,IDLE
1782278811.807684,50,1,0.000,0.000,128.468,IDLE
1782278811.807752,54,1,0.000,0.000,128.468,IDLE
1782278811.807820,56,1,0.000,0.000,128.468,IDLE
1782278811.807889,41,1,0.000,0.000,128.468,IDLE
1782278811.807957,52,1,0.000,0.000,128.468,IDLE
1782278811.808026,51,1,0.000,0.000,128.468,IDLE
1782278811.808096,19,1,0.000,0.000,128.468,IDLE
1782278811.808165,31,1,0.000,0.000,128.468,IDLE
1782278811.808233,33,1,0.000,0.000,128.468,IDLE
1782278811.808300,40,1,0.000,0.000,128.468,ATTACKING
1782278811.808370,42,1,0.000,0.000,128.468,ATTACKING
1782278811.808455,2,1,0.000,0.000,128.468,ATTACKING
1782278811.808526,20,1,0.000,0.000,128.468,ATTACKING
1782278811.906855,55,1,0.000,0.000,128.468,IDLE
1782278811.907032,3,1,0.000,0.000,128.468,IDLE
1782278811.907124,1,1,0.000,0.000,128.468,IDLE
1782278811.907200,43,1,0.000,0.000,128.468,IDLE
1782278811.907270,53,1,0.000,0.000,128.468,IDLE
1782278811.907339,4,1,0.000,0.000,128.468,IDLE
1782278811.907407,18,1,0.000,0.000,128.468,IDLE
1782278811.907476,21,1,0.000,0.000,128.468,IDLE
1782278811.907544,32,1,0.000,0.000,128.468,IDLE
1782278811.907612,57,1,0.000,0.000,128.468,IDLE
1782278811.907681,34,1,0.000,0.000,128.468,IDLE
1782278811.907747,50,1,0.000,0.000,128.468,IDLE
1782278811.907815,54,1,0.000,0.000,128.468,IDLE
1782278811.907881,56,1,0.000,0.000,128.468,IDLE
1782278811.907948,41,1,0.000,0.000,128.468,IDLE
1782278811.908015,52,1,0.000,0.000,128.468,IDLE
1782278811.908082,51,1,0.000,0.000,128.468,IDLE
1782278811.908149,19,1,0.000,0.000,128.468,IDLE
1782278811.908216,31,1,0.000,0.000,128.468,IDLE
1782278811.908283,33,1,0.000,0.000,128.468,IDLE
1782278811.908348,40,1,0.000,0.000,128.468,ATTACKING
1782278811.908416,42,1,0.000,0.000,128.468,ATTACKING
1782278811.908482,2,1,0.000,0.000,128.468,ATTACKING
1782278811.908548,20,1,0.000,0.000,128.468,ATTACKING
1782278812.006870,55,1,0.000,0.000,128.468,IDLE
1782278812.007044,3,1,0.000,0.000,128.468,IDLE
1782278812.007137,1,1,0.000,0.000,128.468,IDLE
1782278812.007211,43,1,0.000,0.000,128.468,IDLE
1782278812.007280,53,1,0.000,0.000,128.468,IDLE
1782278812.007345,4,1,0.000,0.000,128.468,IDLE
1782278812.007411,18,1,0.000,0.000,128.468,IDLE
1782278812.007477,21,1,0.000,0.000,128.468,IDLE
1782278812.007543,32,1,0.000,0.000,128.468,IDLE
1782278812.007609,57,1,0.000,0.000,128.468,IDLE
1782278812.007674,34,1,0.000,0.000,128.468,IDLE
1782278812.007740,50,1,0.000,0.000,128.468,IDLE
1782278812.007805,54,1,0.000,0.000,128.468,IDLE
1782278812.007870,56,1,0.000,0.000,128.468,IDLE
1782278812.007935,41,1,0.000,0.000,128.468,IDLE
1782278812.008000,52,1,0.000,0.000,128.468,IDLE
1782278812.008065,51,1,0.000,0.000,128.468,IDLE
1782278812.008131,19,1,0.000,0.000,128.468,IDLE
1782278812.008196,31,1,0.000,0.000,128.468,IDLE
1782278812.008261,33,1,0.000,0.000,128.468,IDLE
1782278812.008326,40,1,0.000,0.000,128.468,ATTACKING
1782278812.008391,42,1,0.000,0.000,128.468,ATTACKING
1782278812.008457,2,1,0.000,0.000,128.468,ATTACKING
1782278812.008542,20,1,0.000,0.000,128.468,ATTACKING
1782278812.106854,55,1,0.000,0.000,128.468,IDLE
1782278812.107026,3,1,0.000,0.000,128.468,IDLE
1782278812.107120,1,1,0.000,0.000,128.468,IDLE
1782278812.107194,43,1,0.000,0.000,128.468,IDLE
1782278812.107263,53,1,0.000,0.000,128.468,IDLE
1782278812.107331,4,1,0.000,0.000,128.468,IDLE
1782278812.107397,18,1,0.000,0.000,128.468,IDLE
1782278812.107463,21,1,0.000,0.000,128.468,IDLE
1782278812.107529,32,1,0.000,0.000,128.468,IDLE
1782278812.107594,57,1,0.000,0.000,128.468,IDLE
1782278812.107661,34,1,0.000,0.000,128.468,IDLE
1782278812.107726,50,1,0.000,0.000,128.468,IDLE
1782278812.107791,54,1,0.000,0.000,128.468,IDLE
1782278812.107857,56,1,0.000,0.000,128.468,IDLE
1782278812.107922,41,1,0.000,0.000,128.468,IDLE
1782278812.107987,52,1,0.000,0.000,128.468,IDLE
1782278812.108053,51,1,0.000,0.000,128.468,IDLE
1782278812.108118,19,1,0.000,0.000,128.468,IDLE
1782278812.108184,31,1,0.000,0.000,128.468,IDLE
1782278812.108249,33,1,0.000,0.000,128.468,IDLE
1782278812.108314,40,1,0.000,0.000,128.468,ATTACKING
1782278812.108380,42,1,0.000,0.000,128.468,ATTACKING
1782278812.108446,2,1,0.000,0.000,128.468,ATTACKING
1782278812.108511,20,1,0.000,0.000,128.468,ATTACKING
1782278812.206934,55,1,0.000,0.000,128.468,IDLE
1782278812.207127,3,1,0.000,0.000,128.468,IDLE
1782278812.207221,1,1,0.000,0.000,128.468,IDLE
1782278812.207293,43,1,0.000,0.000,128.468,IDLE
1782278812.207361,53,1,0.000,0.000,128.468,IDLE
1782278812.207427,4,1,0.000,0.000,128.468,IDLE
1782278812.207491,18,1,0.000,0.000,128.468,IDLE
1782278812.207556,21,1,0.000,0.000,128.468,IDLE
1782278812.207655,32,1,0.000,0.000,128.468,IDLE
1782278812.207728,57,1,0.000,0.000,128.468,IDLE
1782278812.207795,34,1,0.000,0.000,128.468,IDLE
1782278812.207862,50,1,0.000,0.000,128.468,IDLE
1782278812.207927,54,1,0.000,0.000,128.468,IDLE
1782278812.207992,56,1,0.000,0.000,128.468,IDLE
1782278812.208058,41,1,0.000,0.000,128.468,IDLE
1782278812.208122,52,1,0.000,0.000,128.468,IDLE
1782278812.208190,51,1,0.000,0.000,128.468,IDLE
1782278812.208256,19,1,0.000,0.000,128.468,IDLE
1782278812.208323,31,1,0.000,0.000,128.468,IDLE
1782278812.208388,33,1,0.000,0.000,128.468,IDLE
1782278812.208453,40,1,0.000,0.000,128.468,ATTACKING
1782278812.208520,42,1,0.000,0.000,128.468,ATTACKING
1782278812.208586,2,1,0.000,0.000,128.468,ATTACKING
1782278812.208652,20,1,0.000,0.000,128.468,ATTACKING
1782278812.306845,55,1,0.000,0.000,128.468,IDLE
1782278812.307020,3,1,0.000,0.000,128.468,IDLE
1782278812.307129,1,1,0.000,0.000,128.468,IDLE
1782278812.307207,43,1,0.000,0.000,128.468,IDLE
1782278812.307279,53,1,0.000,0.000,128.468,IDLE
1782278812.307348,4,1,0.000,0.000,128.468,IDLE
1782278812.307417,18,1,0.000,0.000,128.468,IDLE
1782278812.307485,21,1,0.000,0.000,128.468,IDLE
1782278812.307552,32,1,0.000,0.000,128.468,IDLE
1782278812.307619,57,1,0.000,0.000,128.468,IDLE
1782278812.307686,34,1,0.000,0.000,128.468,IDLE
1782278812.307754,50,1,0.000,0.000,128.468,IDLE
1782278812.307820,54,1,0.000,0.000,128.468,IDLE
1782278812.307887,56,1,0.000,0.000,128.468,IDLE
1782278812.307954,41,1,0.000,0.000,128.468,IDLE
1782278812.308021,52,1,0.000,0.000,128.468,IDLE
1782278812.308089,51,1,0.000,0.000,128.468,IDLE
1782278812.308155,19,1,0.000,0.000,128.468,IDLE
1782278812.308222,31,1,0.000,0.000,128.468,IDLE
1782278812.308289,33,1,0.000,0.000,128.468,IDLE
1782278812.308355,40,1,0.000,0.000,128.468,ATTACKING
1782278812.308422,42,1,0.000,0.000,128.468,ATTACKING
1782278812.308489,2,1,0.000,0.000,128.468,ATTACKING
1782278812.308556,20,1,0.000,0.000,128.468,ATTACKING
1782278812.406838,55,1,0.000,0.000,128.468,IDLE
1782278812.407017,3,1,0.000,0.000,128.468,IDLE
1782278812.407110,1,1,0.000,0.000,128.468,IDLE
1782278812.407184,43,1,0.000,0.000,128.468,IDLE
1782278812.407254,53,1,0.000,0.000,128.468,IDLE
1782278812.407321,4,1,0.000,0.000,128.468,IDLE
1782278812.407388,18,1,0.000,0.000,128.468,IDLE
1782278812.407455,21,1,0.000,0.000,128.468,IDLE
1782278812.407521,32,1,0.000,0.000,128.468,IDLE
1782278812.407588,57,1,0.000,0.000,128.468,IDLE
1782278812.407674,34,1,0.000,0.000,128.468,IDLE
1782278812.407749,50,1,0.000,0.000,128.468,IDLE
1782278812.407817,54,1,0.000,0.000,128.468,IDLE
1782278812.407883,56,1,0.000,0.000,128.468,IDLE
1782278812.407950,41,1,0.000,0.000,128.468,IDLE
1782278812.408018,52,1,0.000,0.000,128.468,IDLE
1782278812.408087,51,1,0.000,0.000,128.468,IDLE
1782278812.408154,19,1,0.000,0.000,128.468,IDLE
1782278812.408221,31,1,0.000,0.000,128.468,IDLE
1782278812.408288,33,1,0.000,0.000,128.468,IDLE
1782278812.408354,40,1,0.000,0.000,128.468,ATTACKING
1782278812.408422,42,1,0.000,0.000,128.468,ATTACKING
1782278812.408489,2,1,0.000,0.000,128.468,ATTACKING
1782278812.408556,20,1,0.000,0.000,128.468,ATTACKING
1782278812.506855,55,1,0.000,0.000,128.468,IDLE
1782278812.507030,3,1,0.000,0.000,128.468,IDLE
1782278812.507124,1,1,0.000,0.000,128.468,IDLE
1782278812.507200,43,1,0.000,0.000,128.468,IDLE
1782278812.507287,53,1,0.000,0.000,128.468,IDLE
1782278812.507360,4,1,0.000,0.000,128.468,IDLE
1782278812.507429,18,1,0.000,0.000,128.468,IDLE
1782278812.507499,21,1,0.000,0.000,128.468,IDLE
1782278812.507569,32,1,0.000,0.000,128.468,IDLE
1782278812.507637,57,1,0.000,0.000,128.468,IDLE
1782278812.507705,34,1,0.000,0.000,128.468,IDLE
1782278812.507772,50,1,0.000,0.000,128.468,IDLE
1782278812.507839,54,1,0.000,0.000,128.468,IDLE
1782278812.507907,56,1,0.000,0.000,128.468,IDLE
1782278812.507973,41,1,0.000,0.000,128.468,IDLE
1782278812.508041,52,1,0.000,0.000,128.468,IDLE
1782278812.508110,51,1,0.000,0.000,128.468,IDLE
1782278812.508176,19,1,0.000,0.000,128.468,IDLE
1782278812.508243,31,1,0.000,0.000,128.468,IDLE
1782278812.508308,33,1,0.000,0.000,128.468,IDLE
1782278812.508374,40,1,0.000,0.000,128.468,ATTACKING
1782278812.508440,42,1,0.000,0.000,128.468,ATTACKING
1782278812.508506,2,1,0.000,0.000,128.468,ATTACKING
1782278812.508572,20,1,0.000,0.000,128.468,ATTACKING
1782278812.606848,55,1,0.000,0.000,128.468,IDLE
1782278812.607019,3,1,0.000,0.000,128.468,IDLE
1782278812.607113,1,1,0.000,0.000,128.468,IDLE
1782278812.607185,43,1,0.000,0.000,128.468,IDLE
1782278812.607257,53,1,0.000,0.000,128.468,IDLE
1782278812.607325,4,1,0.000,0.000,128.468,IDLE
1782278812.607393,18,1,0.000,0.000,128.468,IDLE
1782278812.607461,21,1,0.000,0.000,128.468,IDLE
1782278812.607529,32,1,0.000,0.000,128.468,IDLE
1782278812.607597,57,1,0.000,0.000,128.468,IDLE
1782278812.607664,34,1,0.000,0.000,128.468,IDLE
1782278812.607731,50,1,0.000,0.000,128.468,IDLE
1782278812.607799,54,1,0.000,0.000,128.468,IDLE
1782278812.607865,56,1,0.000,0.000,128.468,IDLE
1782278812.607932,41,1,0.000,0.000,128.468,IDLE
1782278812.607998,52,1,0.000,0.000,128.468,IDLE
1782278812.608067,51,1,0.000,0.000,128.468,IDLE
1782278812.608134,19,1,0.000,0.000,128.468,IDLE
1782278812.608200,31,1,0.000,0.000,128.468,IDLE
1782278812.608266,33,1,0.000,0.000,128.468,IDLE
1782278812.608332,40,1,0.000,0.000,128.468,ATTACKING
1782278812.608399,42,1,0.000,0.000,128.468,ATTACKING
1782278812.608465,2,1,0.000,0.000,128.468,ATTACKING
1782278812.608531,20,1,0.000,0.000,128.468,ATTACKING
1782278812.706850,55,1,0.000,0.000,128.468,IDLE
1782278812.707023,3,1,0.000,0.000,128.468,IDLE
1782278812.707115,1,1,0.000,0.000,128.468,IDLE
1782278812.707187,43,1,0.000,0.000,128.468,IDLE
1782278812.707257,53,1,0.000,0.000,128.468,IDLE
1782278812.707325,4,1,0.000,0.000,128.468,IDLE
1782278812.707408,18,1,0.000,0.000,128.468,IDLE
1782278812.707505,21,1,0.000,0.000,128.468,IDLE
1782278812.707577,32,1,0.000,0.000,128.468,IDLE
1782278812.707643,57,1,0.000,0.000,128.468,IDLE
1782278812.707708,34,1,0.000,0.000,128.468,IDLE
1782278812.707775,50,1,0.000,0.000,128.468,IDLE
1782278812.707840,54,1,0.000,0.000,128.468,IDLE
1782278812.707905,56,1,0.000,0.000,128.468,IDLE
1782278812.707969,41,1,0.000,0.000,128.468,IDLE
1782278812.708034,52,1,0.000,0.000,128.468,IDLE
1782278812.708101,51,1,0.000,0.000,128.468,IDLE
1782278812.708166,19,1,0.000,0.000,128.468,IDLE
1782278812.708230,31,1,0.000,0.000,128.468,IDLE
1782278812.708295,33,1,0.000,0.000,128.468,IDLE
1782278812.708376,40,1,0.000,0.000,128.468,ATTACKING
1782278812.708448,42,1,0.000,0.000,128.468,ATTACKING
1782278812.708514,2,1,0.000,0.000,128.468,ATTACKING
1782278812.708580,20,1,0.000,0.000,128.468,ATTACKING
1782278812.806846,55,1,0.000,0.000,128.468,IDLE
1782278812.807021,3,1,0.000,0.000,128.468,IDLE
1782278812.807113,1,1,0.000,0.000,128.468,IDLE
1782278812.807188,43,1,0.000,0.000,128.468,IDLE
1782278812.807258,53,1,0.000,0.000,128.468,IDLE
1782278812.807327,4,1,0.000,0.000,128.468,IDLE
1782278812.807394,18,1,0.000,0.000,128.468,IDLE
1782278812.807461,21,1,0.000,0.000,128.468,IDLE
1782278812.807528,32,1,0.000,0.000,128.468,IDLE
1782278812.807596,57,1,0.000,0.000,128.468,IDLE
1782278812.807663,34,1,0.000,0.000,128.468,IDLE
1782278812.807730,50,1,0.000,0.000,128.468,IDLE
1782278812.807797,54,1,0.000,0.000,128.468,IDLE
1782278812.807863,56,1,0.000,0.000,128.468,IDLE
1782278812.807929,41,1,0.000,0.000,128.468,IDLE
1782278812.807995,52,1,0.000,0.000,128.468,IDLE
1782278812.808065,51,1,0.000,0.000,128.468,IDLE
1782278812.808132,19,1,0.000,0.000,128.468,IDLE
1782278812.808199,31,1,0.000,0.000,128.468,IDLE
1782278812.808266,33,1,0.000,0.000,128.468,IDLE
1782278812.808333,40,1,0.000,0.000,128.468,ATTACKING
1782278812.808400,42,1,0.000,0.000,128.468,ATTACKING
1782278812.808467,2,1,0.000,0.000,128.468,ATTACKING
1782278812.808533,20,1,0.000,0.000,128.468,ATTACKING
1782278812.906846,55,1,0.000,0.000,128.468,IDLE
1782278812.907021,3,1,0.000,0.000,128.468,IDLE
1782278812.907115,1,1,0.000,0.000,128.468,IDLE
1782278812.907192,43,1,0.000,0.000,128.468,IDLE
1782278812.907261,53,1,0.000,0.000,128.468,IDLE
1782278812.907330,4,1,0.000,0.000,128.468,IDLE
1782278812.907397,18,1,0.000,0.000,128.468,IDLE
1782278812.907465,21,1,0.000,0.000,128.468,IDLE
1782278812.907547,32,1,0.000,0.000,128.468,IDLE
1782278812.907619,57,1,0.000,0.000,128.468,IDLE
1782278812.907686,34,1,0.000,0.000,128.468,IDLE
1782278812.907753,50,1,0.000,0.000,128.468,IDLE
1782278812.907819,54,1,0.000,0.000,128.468,IDLE
1782278812.907886,56,1,0.000,0.000,128.468,IDLE
1782278812.907952,41,1,0.000,0.000,128.468,IDLE
1782278812.908018,52,1,0.000,0.000,128.468,IDLE
1782278812.908087,51,1,0.000,0.000,128.468,IDLE
1782278812.908154,19,1,0.000,0.000,128.468,IDLE
1782278812.908220,31,1,0.000,0.000,128.468,IDLE
1782278812.908287,33,1,0.000,0.000,128.468,IDLE
1782278812.908353,40,1,0.000,0.000,128.468,ATTACKING
1782278812.908419,42,1,0.000,0.000,128.468,ATTACKING
1782278812.908486,2,1,0.000,0.000,128.468,ATTACKING
1782278812.908552,20,1,0.000,0.000,128.468,ATTACKING
1782278813.006847,55,1,0.000,0.000,128.468,IDLE
1782278813.007022,3,1,0.000,0.000,128.468,IDLE
1782278813.007113,1,1,0.000,0.000,128.468,IDLE
1782278813.007186,43,1,0.000,0.000,128.468,IDLE
1782278813.007253,53,1,0.000,0.000,128.468,IDLE
1782278813.007320,4,1,0.000,0.000,128.468,IDLE
1782278813.007386,18,1,0.000,0.000,128.468,IDLE
1782278813.007451,21,1,0.000,0.000,128.468,IDLE
1782278813.007516,32,1,0.000,0.000,128.468,IDLE
1782278813.007582,57,1,0.000,0.000,128.468,IDLE
1782278813.007647,34,1,0.000,0.000,128.468,IDLE
1782278813.007713,50,1,0.000,0.000,128.468,IDLE
1782278813.007778,54,1,0.000,0.000,128.468,IDLE
1782278813.007843,56,1,0.000,0.000,128.468,IDLE
1782278813.007909,41,1,0.000,0.000,128.468,IDLE
1782278813.007974,52,1,0.000,0.000,128.468,IDLE
1782278813.008042,51,1,0.000,0.000,128.468,IDLE
1782278813.008107,19,1,0.000,0.000,128.468,IDLE
1782278813.008172,31,1,0.000,0.000,128.468,IDLE
1782278813.008238,33,1,0.000,0.000,128.468,IDLE
1782278813.008304,40,1,0.000,0.000,128.468,ATTACKING
1782278813.008369,42,1,0.000,0.000,128.468,ATTACKING
1782278813.008435,2,1,0.000,0.000,128.468,ATTACKING
1782278813.008501,20,1,0.000,0.000,128.468,ATTACKING
1782278813.106842,55,1,0.000,0.000,128.468,IDLE
1782278813.107015,3,1,0.000,0.000,128.468,IDLE
1782278813.107108,1,1,0.000,0.000,128.468,IDLE
1782278813.107182,43,1,0.000,0.000,128.468,IDLE
1782278813.107252,53,1,0.000,0.000,128.468,IDLE
1782278813.107320,4,1,0.000,0.000,128.468,IDLE
1782278813.107387,18,1,0.000,0.000,128.468,IDLE
1782278813.107472,21,1,0.000,0.000,128.468,IDLE
1782278813.107546,32,1,0.000,0.000,128.468,IDLE
1782278813.107614,57,1,0.000,0.000,128.468,IDLE
1782278813.107695,34,1,0.000,0.000,128.468,IDLE
1782278813.107765,50,1,0.000,0.000,128.468,IDLE
1782278813.107832,54,1,0.000,0.000,128.468,IDLE
1782278813.107899,56,1,0.000,0.000,128.468,IDLE
1782278813.107966,41,1,0.000,0.000,128.468,IDLE
1782278813.108035,52,1,0.000,0.000,128.468,IDLE
1782278813.108101,51,1,0.000,0.000,128.468,IDLE
1782278813.108167,19,1,0.000,0.000,128.468,IDLE
1782278813.108233,31,1,0.000,0.000,128.468,IDLE
1782278813.108300,33,1,0.000,0.000,128.468,IDLE
1782278813.108367,40,1,0.000,0.000,128.468,ATTACKING
1782278813.108434,42,1,0.000,0.000,128.468,ATTACKING
1782278813.108500,2,1,0.000,0.000,128.468,ATTACKING
1782278813.108567,20,1,0.000,0.000,128.468,ATTACKING
1782278813.206843,55,1,0.000,0.000,128.468,IDLE
1782278813.207017,3,1,0.000,0.000,128.468,IDLE
1782278813.207108,1,1,0.000,0.000,128.468,IDLE
1782278813.207183,43,1,0.000,0.000,128.468,IDLE
1782278813.207252,53,1,0.000,0.000,128.468,IDLE
1782278813.207321,4,1,0.000,0.000,128.468,IDLE
1782278813.207389,18,1,0.000,0.000,128.468,IDLE
1782278813.207456,21,1,0.000,0.000,128.468,IDLE
1782278813.207524,32,1,0.000,0.000,128.468,IDLE
1782278813.207592,57,1,0.000,0.000,128.468,IDLE
1782278813.207659,34,1,0.000,0.000,128.468,IDLE
1782278813.207726,50,1,0.000,0.000,128.468,IDLE
1782278813.207793,54,1,0.000,0.000,128.468,IDLE
1782278813.207861,56,1,0.000,0.000,128.468,IDLE
1782278813.207927,41,1,0.000,0.000,128.468,IDLE
1782278813.207998,52,1,0.000,0.000,128.468,IDLE
1782278813.208065,51,1,0.000,0.000,128.468,IDLE
1782278813.208132,19,1,0.000,0.000,128.468,IDLE
1782278813.208199,31,1,0.000,0.000,128.468,IDLE
1782278813.208266,33,1,0.000,0.000,128.468,IDLE
1782278813.208333,40,1,0.000,0.000,128.468,ATTACKING
1782278813.208401,42,1,0.000,0.000,128.468,ATTACKING
1782278813.208468,2,1,0.000,0.000,128.468,ATTACKING
1782278813.208535,20,1,0.000,0.000,128.468,ATTACKING
1782278813.306845,55,1,0.000,0.000,128.468,IDLE
1782278813.307023,3,1,0.000,0.000,128.468,IDLE
1782278813.307116,1,1,0.000,0.000,128.468,IDLE
1782278813.307192,43,1,0.000,0.000,128.468,IDLE
1782278813.307264,53,1,0.000,0.000,128.468,IDLE
1782278813.307336,4,1,0.000,0.000,128.468,IDLE
1782278813.307404,18,1,0.000,0.000,128.468,IDLE
1782278813.307472,21,1,0.000,0.000,128.468,IDLE
1782278813.307541,32,1,0.000,0.000,128.468,IDLE
1782278813.307610,57,1,0.000,0.000,128.468,IDLE
1782278813.307679,34,1,0.000,0.000,128.468,IDLE
1782278813.307748,50,1,0.000,0.000,128.468,IDLE
1782278813.307831,54,1,0.000,0.000,128.468,IDLE
1782278813.307903,56,1,0.000,0.000,128.468,IDLE
1782278813.307972,41,1,0.000,0.000,128.468,IDLE
1782278813.308039,52,1,0.000,0.000,128.468,IDLE
1782278813.308105,51,1,0.000,0.000,128.468,IDLE
1782278813.308172,19,1,0.000,0.000,128.468,IDLE
1782278813.308238,31,1,0.000,0.000,128.468,IDLE
1782278813.308304,33,1,0.000,0.000,128.468,IDLE
1782278813.308370,40,1,0.000,0.000,128.468,ATTACKING
1782278813.308437,42,1,0.000,0.000,128.468,ATTACKING
1782278813.308503,2,1,0.000,0.000,128.468,ATTACKING
1782278813.308569,20,1,0.000,0.000,128.468,ATTACKING
1782278813.406843,55,1,0.000,0.000,128.468,IDLE
1782278813.407022,3,1,0.000,0.000,128.468,IDLE
1782278813.407115,1,1,0.000,0.000,128.468,IDLE
1782278813.407189,43,1,0.000,0.000,128.468,IDLE
1782278813.407260,53,1,0.000,0.000,128.468,IDLE
1782278813.407329,4,1,0.000,0.000,128.468,IDLE
1782278813.407397,18,1,0.000,0.000,128.468,IDLE
1782278813.407463,21,1,0.000,0.000,128.468,IDLE
1782278813.407529,32,1,0.000,0.000,128.468,IDLE
1782278813.407596,57,1,0.000,0.000,128.468,IDLE
1782278813.407663,34,1,0.000,0.000,128.468,IDLE
1782278813.407729,50,1,0.000,0.000,128.468,IDLE
1782278813.407795,54,1,0.000,0.000,128.468,IDLE
1782278813.407863,56,1,0.000,0.000,128.468,IDLE
1782278813.407929,41,1,0.000,0.000,128.468,IDLE
1782278813.407999,52,1,0.000,0.000,128.468,IDLE
1782278813.408065,51,1,0.000,0.000,128.468,IDLE
1782278813.408150,19,1,0.000,0.000,128.468,IDLE
1782278813.408225,31,1,0.000,0.000,128.468,IDLE
1782278813.408293,33,1,0.000,0.000,128.468,IDLE
1782278813.408360,40,1,0.000,0.000,128.468,ATTACKING
1782278813.408426,42,1,0.000,0.000,128.468,ATTACKING
1782278813.408494,2,1,0.000,0.000,128.468,ATTACKING
1782278813.408559,20,1,0.000,0.000,128.468,ATTACKING
1782278813.506844,55,1,0.000,0.000,128.468,IDLE
1782278813.507019,3,1,0.000,0.000,128.468,IDLE
1782278813.507112,1,1,0.000,0.000,128.468,IDLE
1782278813.507187,43,1,0.000,0.000,128.468,IDLE
1782278813.507257,53,1,0.000,0.000,128.468,IDLE
1782278813.507326,4,1,0.000,0.000,128.468,IDLE
1782278813.507394,18,1,0.000,0.000,128.468,IDLE
1782278813.507462,21,1,0.000,0.000,128.468,IDLE
1782278813.507530,32,1,0.000,0.000,128.468,IDLE
1782278813.507599,57,1,0.000,0.000,128.468,IDLE
1782278813.507668,34,1,0.000,0.000,128.468,IDLE
1782278813.507735,50,1,0.000,0.000,128.468,IDLE
1782278813.507803,54,1,0.000,0.000,128.468,IDLE
1782278813.507872,56,1,0.000,0.000,128.468,IDLE
1782278813.507955,41,1,0.000,0.000,128.468,IDLE
1782278813.508029,52,1,0.000,0.000,128.468,IDLE
1782278813.508097,51,1,0.000,0.000,128.468,IDLE
1782278813.508165,19,1,0.000,0.000,128.468,IDLE
1782278813.508234,31,1,0.000,0.000,128.468,IDLE
1782278813.508303,33,1,0.000,0.000,128.468,IDLE
1782278813.508371,40,1,0.000,0.000,128.468,ATTACKING
1782278813.508439,42,1,0.000,0.000,128.468,ATTACKING
1782278813.508508,2,1,0.000,0.000,128.468,ATTACKING
1782278813.508576,20,1,0.000,0.000,128.468,ATTACKING
1782278813.606845,55,1,0.000,0.000,128.468,IDLE
1782278813.607024,3,1,0.000,0.000,128.468,IDLE
1782278813.607119,1,1,0.000,0.000,128.468,IDLE
1782278813.607226,43,1,0.000,0.000,128.468,IDLE
1782278813.607297,53,1,0.000,0.000,128.468,IDLE
1782278813.607365,4,1,0.000,0.000,128.468,IDLE
1782278813.607433,18,1,0.000,0.000,128.468,IDLE
1782278813.607501,21,1,0.000,0.000,128.468,IDLE
1782278813.607568,32,1,0.000,0.000,128.468,IDLE
1782278813.607635,57,1,0.000,0.000,128.468,IDLE
1782278813.607701,34,1,0.000,0.000,128.468,IDLE
1782278813.607767,50,1,0.000,0.000,128.468,IDLE
1782278813.607835,54,1,0.000,0.000,128.468,IDLE
1782278813.607901,56,1,0.000,0.000,128.468,IDLE
1782278813.607968,41,1,0.000,0.000,128.468,IDLE
1782278813.608033,52,1,0.000,0.000,128.468,IDLE
1782278813.608099,51,1,0.000,0.000,128.468,IDLE
1782278813.608163,19,1,0.000,0.000,128.468,IDLE
1782278813.608227,31,1,0.000,0.000,128.468,IDLE
1782278813.608292,33,1,0.000,0.000,128.468,IDLE
1782278813.608357,40,1,0.000,0.000,128.468,ATTACKING
1782278813.608422,42,1,0.000,0.000,128.468,ATTACKING
1782278813.608487,2,1,0.000,0.000,128.468,ATTACKING
1782278813.608551,20,1,0.000,0.000,128.468,ATTACKING
1782278813.706837,55,1,0.000,0.000,128.468,IDLE
1782278813.707015,3,1,0.000,0.000,128.468,IDLE
1782278813.707109,1,1,0.000,0.000,128.468,IDLE
1782278813.707184,43,1,0.000,0.000,128.468,IDLE
1782278813.707256,53,1,0.000,0.000,128.468,IDLE
1782278813.707324,4,1,0.000,0.000,128.468,IDLE
1782278813.707394,18,1,0.000,0.000,128.468,IDLE
1782278813.707464,21,1,0.000,0.000,128.468,IDLE
1782278813.707532,32,1,0.000,0.000,128.468,IDLE
1782278813.707600,57,1,0.000,0.000,128.468,IDLE
1782278813.707669,34,1,0.000,0.000,128.468,IDLE
1782278813.707738,50,1,0.000,0.000,128.468,IDLE
1782278813.707806,54,1,0.000,0.000,128.468,IDLE
1782278813.707874,56,1,0.000,0.000,128.468,IDLE
1782278813.707943,41,1,0.000,0.000,128.468,IDLE
1782278813.708012,52,1,0.000,0.000,128.468,IDLE
1782278813.708096,51,1,0.000,0.000,128.468,IDLE
1782278813.708167,19,1,0.000,0.000,128.468,IDLE
1782278813.708237,31,1,0.000,0.000,128.468,IDLE
1782278813.708304,33,1,0.000,0.000,128.468,IDLE
1782278813.708370,40,1,0.000,0.000,128.468,ATTACKING
1782278813.708438,42,1,0.000,0.000,128.468,ATTACKING
1782278813.708504,2,1,0.000,0.000,128.468,ATTACKING
1782278813.708570,20,1,0.000,0.000,128.468,ATTACKING
1782278813.806839,55,1,0.000,0.000,128.468,IDLE
1782278813.807019,3,1,0.000,0.000,128.468,IDLE
1782278813.807113,1,1,0.000,0.000,128.468,IDLE
1782278813.807206,43,1,0.000,0.000,128.468,IDLE
1782278813.807284,53,1,0.000,0.000,128.468,IDLE
1782278813.807353,4,1,0.000,0.000,128.468,IDLE
1782278813.807422,18,1,0.000,0.000,128.468,IDLE
1782278813.807490,21,1,0.000,0.000,128.468,IDLE
1782278813.807559,32,1,0.000,0.000,128.468,IDLE
1782278813.807627,57,1,0.000,0.000,128.468,IDLE
1782278813.807695,34,1,0.000,0.000,128.468,IDLE
1782278813.807762,50,1,0.000,0.000,128.468,IDLE
1782278813.807830,54,1,0.000,0.000,128.468,IDLE
1782278813.807896,56,1,0.000,0.000,128.468,IDLE
1782278813.807966,41,1,0.000,0.000,128.468,IDLE
1782278813.808033,52,1,0.000,0.000,128.468,IDLE
1782278813.808101,51,1,0.000,0.000,128.468,IDLE
1782278813.808168,19,1,0.000,0.000,128.468,IDLE
1782278813.808235,31,1,0.000,0.000,128.468,IDLE
1782278813.808302,33,1,0.000,0.000,128.468,IDLE
1782278813.808369,40,1,0.000,0.000,128.468,ATTACKING
1782278813.808438,42,1,0.000,0.000,128.468,ATTACKING
1782278813.808504,2,1,0.000,0.000,128.468,ATTACKING
1782278813.808572,20,1,0.000,0.000,128.468,ATTACKING
